{
  "type": "FeatureCollection",
  "features": [
    {
      "type": "Feature",
      "geometry": {
        "type": "Polygon",
        "coordinates": [
          [
            [
              -111.929546,
              33.421237
            ],
            [
              -111.92955,
              33.421415
            ],
            [
              -111.92926,
              33.421419
            ],
            [
              -111.929256,
              33.421241
            ],
            [
              -111.929546,
              33.421237
            ]
          ]
        ]
      },
      "properties": {
        "BLDG_CODE": "054A",
        "BLDG_NAME": "Interdisciplinary Science And Technology Bldg II Support",
        "Type": "Research",
        "Image": null,
        "Shape__Area": 5.1540382628445514e-08
      }
    },
    {
      "type": "Feature",
      "geometry": {
        "type": "Polygon",
        "coordinates": [
          [
            [
              -111.928149,
              33.427291
            ],
            [
              -111.928104,
              33.427332
            ],
            [
              -111.928051,
              33.427291
            ],
            [
              -111.928097,
              33.42725
            ],
            [
              -111.928149,
              33.427291
            ]
          ]
        ]
      },
      "properties": {
        "BLDG_CODE": "066A",
        "BLDG_NAME": "Tickets/concessions At Packard Stadium",
        "Type": "Athletics",
        "Image": null,
        "Shape__Area": 3.978357199230231e-09
      }
    },
    {
      "type": "Feature",
      "geometry": {
        "type": "Polygon",
        "coordinates": [
          [
            [
              -111.926681,
              33.41646
            ],
            [
              -111.926837,
              33.416459
            ],
            [
              -111.926838,
              33.416565
            ],
            [
              -111.926682,
              33.416565
            ],
            [
              -111.926681,
              33.41646
            ]
          ]
        ]
      },
      "properties": {
        "BLDG_CODE": "173J",
        "BLDG_NAME": "Barrett College Fire Pump House",
        "Type": "Infrastructure",
        "Image": null,
        "Shape__Area": 1.648777470109053e-08
      }
    },
    {
      "type": "Feature",
      "geometry": {
        "type": "Polygon",
        "coordinates": [
          [
            [
              -111.929892,
              33.415382
            ],
            [
              -111.929923,
              33.415381
            ],
            [
              -111.929923,
              33.415387
            ],
            [
              -111.929924,
              33.415444
            ],
            [
              -111.929893,
              33.415444
            ],
            [
              -111.929892,
              33.415382
            ]
          ]
        ]
      },
      "properties": {
        "BLDG_CODE": "ACACI",
        "BLDG_NAME": "Hav- Acacia Hall",
        "Type": "Housing",
        "Image": null,
        "Shape__Area": 1.9315393728902563e-09
      }
    },
    {
      "type": "Feature",
      "geometry": {
        "type": "Polygon",
        "coordinates": [
          [
            [
              -111.927203,
              33.416214
            ],
            [
              -111.927202,
              33.416085
            ],
            [
              -111.927969,
              33.416079
            ],
            [
              -111.928149,
              33.416078
            ],
            [
              -111.928149,
              33.41613
            ],
            [
              -111.92815,
              33.416207
            ],
            [
              -111.928063,
              33.416207
            ],
            [
              -111.928062,
              33.416153
            ],
            [
              -111.927978,
              33.416154
            ],
            [
              -111.927979,
              33.416208
            ],
            [
              -111.927843,
              33.416209
            ],
            [
              -111.927765,
              33.416209
            ],
            [
              -111.927471,
              33.416212
            ],
            [
              -111.927315,
              33.416213
            ],
            [
              -111.927203,
              33.416214
            ]
          ]
        ]
      },
      "properties": {
        "BLDG_CODE": "ACHAL",
        "BLDG_NAME": "Hav- Acourtia Hall",
        "Type": "Housing",
        "Image": null,
        "Shape__Area": 1.1740803529391997e-07
      }
    },
    {
      "type": "Feature",
      "geometry": {
        "type": "Polygon",
        "coordinates": [
          [
            [
              -111.928648,
              33.415175
            ],
            [
              -111.928672,
              33.415174
            ],
            [
              -111.928672,
              33.415192
            ],
            [
              -111.928691,
              33.415208
            ],
            [
              -111.928696,
              33.415212
            ],
            [
              -111.9287,
              33.415216
            ],
            [
              -111.928704,
              33.415221
            ],
            [
              -111.928706,
              33.415227
            ],
            [
              -111.928707,
              33.415233
            ],
            [
              -111.928708,
              33.415238
            ],
            [
              -111.928706,
              33.415244
            ],
            [
              -111.928704,
              33.41525
            ],
            [
              -111.928701,
              33.415255
            ],
            [
              -111.928696,
              33.41526
            ],
            [
              -111.928691,
              33.415263
            ],
            [
              -111.928634,
              33.415264
            ],
            [
              -111.928635,
              33.415269
            ],
            [
              -111.928559,
              33.41527
            ],
            [
              -111.928559,
              33.415221
            ],
            [
              -111.928577,
              33.415209
            ],
            [
              -111.928648,
              33.415191
            ],
            [
              -111.928648,
              33.415175
            ]
          ]
        ]
      },
      "properties": {
        "BLDG_CODE": "AGVHAL",
        "BLDG_NAME": "Barrett College Agave Hall",
        "Type": "Housing",
        "Image": null,
        "Shape__Area": 9.809809853322804e-09
      }
    },
    {
      "type": "Feature",
      "geometry": {
        "type": "Polygon",
        "coordinates": [
          [
            [
              -111.923139,
              33.425304
            ],
            [
              -111.923139,
              33.425199
            ],
            [
              -111.923595,
              33.425198
            ],
            [
              -111.92363,
              33.425225
            ],
            [
              -111.923632,
              33.425757
            ],
            [
              -111.923567,
              33.425757
            ],
            [
              -111.923566,
              33.425613
            ],
            [
              -111.923496,
              33.425613
            ],
            [
              -111.923495,
              33.425362
            ],
            [
              -111.923428,
              33.425304
            ],
            [
              -111.923139,
              33.425304
            ]
          ]
        ]
      },
      "properties": {
        "BLDG_CODE": "ALBER",
        "BLDG_NAME": "Farrington Softball Stadium",
        "Type": "Athletics",
        "Image": null,
        "Shape__Area": 1.0479425327503122e-07
      }
    },
    {
      "type": "Feature",
      "geometry": {
        "type": "Polygon",
        "coordinates": [
          [
            [
              -111.934656,
              33.424148
            ],
            [
              -111.934655,
              33.42412
            ],
            [
              -111.934631,
              33.42412
            ],
            [
              -111.934626,
              33.423915
            ],
            [
              -111.93465,
              33.423915
            ],
            [
              -111.934648,
              33.423855
            ],
            [
              -111.934683,
              33.423855
            ],
            [
              -111.934682,
              33.423822
            ],
            [
              -111.934647,
              33.423823
            ],
            [
              -111.934641,
              33.423571
            ],
            [
              -111.934765,
              33.423569
            ],
            [
              -111.93478,
              33.424145
            ],
            [
              -111.934656,
              33.424148
            ]
          ]
        ]
      },
      "properties": {
        "BLDG_CODE": "ANX",
        "BLDG_NAME": "The Annex",
        "Type": "Academic",
        "Image": null,
        "Shape__Area": 7.531298251706176e-08
      }
    },
    {
      "type": "Feature",
      "geometry": {
        "type": "Polygon",
        "coordinates": [
          [
            [
              -111.924177,
              33.4233
            ],
            [
              -111.924235,
              33.4233
            ],
            [
              -111.924234,
              33.423271
            ],
            [
              -111.924322,
              33.42327
            ],
            [
              -111.924322,
              33.423299
            ],
            [
              -111.924356,
              33.423298
            ],
            [
              -111.924357,
              33.423357
            ],
            [
              -111.92434,
              33.423357
            ],
            [
              -111.924342,
              33.423538
            ],
            [
              -111.924343,
              33.423626
            ],
            [
              -111.924344,
              33.423724
            ],
            [
              -111.924004,
              33.423727
            ],
            [
              -111.923999,
              33.423302
            ],
            [
              -111.924177,
              33.4233
            ]
          ]
        ]
      },
      "properties": {
        "BLDG_CODE": "APMA",
        "BLDG_NAME": "ASU Performing & Media Arts",
        "Type": "Academic",
        "Image": null,
        "Shape__Area": 1.482512743677944e-07
      }
    },
    {
      "type": "Feature",
      "geometry": {
        "type": "Polygon",
        "coordinates": [
          [
            [
              -111.934141,
              33.424
            ],
            [
              -111.934391,
              33.423998
            ],
            [
              -111.934392,
              33.424047
            ],
            [
              -111.934142,
              33.424049
            ],
            [
              -111.934141,
              33.424
            ]
          ]
        ]
      },
      "properties": {
        "BLDG_CODE": "AQUAT",
        "BLDG_NAME": "Mona Plummer Aquatic Complex",
        "Type": "Athletics",
        "Image": null,
        "Shape__Area": 1.2140844773966819e-08
      }
    },
    {
      "type": "Feature",
      "geometry": {
        "type": "Polygon",
        "coordinates": [
          [
            [
              -111.929255,
              33.415725
            ],
            [
              -111.929247,
              33.414973
            ],
            [
              -111.929396,
              33.414972
            ],
            [
              -111.92966,
              33.41497
            ],
            [
              -111.929661,
              33.41504
            ],
            [
              -111.929661,
              33.415071
            ],
            [
              -111.929662,
              33.415104
            ],
            [
              -111.929663,
              33.415255
            ],
            [
              -111.929602,
              33.415255
            ],
            [
              -111.929601,
              33.415118
            ],
            [
              -111.929625,
              33.415118
            ],
            [
              -111.929624,
              33.415065
            ],
            [
              -111.929579,
              33.415065
            ],
            [
              -111.92958,
              33.41511
            ],
            [
              -111.929414,
              33.415111
            ],
            [
              -111.929417,
              33.415315
            ],
            [
              -111.929664,
              33.415313
            ],
            [
              -111.929664,
              33.415328
            ],
            [
              -111.929667,
              33.415597
            ],
            [
              -111.929611,
              33.415597
            ],
            [
              -111.929609,
              33.415462
            ],
            [
              -111.929629,
              33.415462
            ],
            [
              -111.929628,
              33.4154
            ],
            [
              -111.929588,
              33.4154
            ],
            [
              -111.929588,
              33.415451
            ],
            [
              -111.929401,
              33.415452
            ],
            [
              -111.929404,
              33.415723
            ],
            [
              -111.929255,
              33.415725
            ]
          ]
        ]
      },
      "properties": {
        "BLDG_CODE": "ARHAL",
        "BLDG_NAME": "Hav- Arroyo Hall",
        "Type": "Housing",
        "Image": null,
        "Shape__Area": 2.0130232769588474e-07
      }
    },
    {
      "type": "Feature",
      "geometry": {
        "type": "Polygon",
        "coordinates": [
          [
            [
              -111.929429,
              33.417904
            ],
            [
              -111.929418,
              33.417903
            ],
            [
              -111.929408,
              33.417901
            ],
            [
              -111.929398,
              33.417897
            ],
            [
              -111.929389,
              33.417892
            ],
            [
              -111.929382,
              33.417886
            ],
            [
              -111.929376,
              33.417879
            ],
            [
              -111.929371,
              33.417871
            ],
            [
              -111.929368,
              33.417862
            ],
            [
              -111.929367,
              33.417853
            ],
            [
              -111.929368,
              33.417845
            ],
            [
              -111.929371,
              33.417836
            ],
            [
              -111.929375,
              33.417828
            ],
            [
              -111.929381,
              33.417821
            ],
            [
              -111.929388,
              33.417814
            ],
            [
              -111.929397,
              33.417809
            ],
            [
              -111.929407,
              33.417805
            ],
            [
              -111.929417,
              33.417803
            ],
            [
              -111.929427,
              33.417802
            ],
            [
              -111.929438,
              33.417803
            ],
            [
              -111.929448,
              33.417805
            ],
            [
              -111.929458,
              33.417809
            ],
            [
              -111.929467,
              33.417814
            ],
            [
              -111.929474,
              33.41782
            ],
            [
              -111.92948,
              33.417827
            ],
            [
              -111.929485,
              33.417835
            ],
            [
              -111.929488,
              33.417844
            ],
            [
              -111.929489,
              33.417853
            ],
            [
              -111.929488,
              33.417861
            ],
            [
              -111.929485,
              33.41787
            ],
            [
              -111.929481,
              33.417878
            ],
            [
              -111.929475,
              33.417885
            ],
            [
              -111.929467,
              33.417892
            ],
            [
              -111.929459,
              33.417897
            ],
            [
              -111.929449,
              33.417901
            ],
            [
              -111.929439,
              33.417903
            ],
            [
              -111.929429,
              33.417904
            ]
          ]
        ]
      },
      "properties": {
        "BLDG_CODE": "ARM",
        "BLDG_NAME": "Armstrong Hall",
        "Type": "Academic",
        "Image": null,
        "Shape__Area": 9.68361746345181e-09
      }
    },
    {
      "type": "Feature",
      "geometry": {
        "type": "Polygon",
        "coordinates": [
          [
            [
              -111.937146,
              33.420518
            ],
            [
              -111.937145,
              33.420447
            ],
            [
              -111.937133,
              33.420447
            ],
            [
              -111.937131,
              33.420346
            ],
            [
              -111.937226,
              33.420345
            ],
            [
              -111.937229,
              33.420496
            ],
            [
              -111.937262,
              33.420495
            ],
            [
              -111.937261,
              33.420463
            ],
            [
              -111.937358,
              33.420462
            ],
            [
              -111.937359,
              33.420494
            ],
            [
              -111.937402,
              33.420494
            ],
            [
              -111.937399,
              33.420342
            ],
            [
              -111.937522,
              33.420341
            ],
            [
              -111.937524,
              33.420441
            ],
            [
              -111.937508,
              33.420441
            ],
            [
              -111.937509,
              33.420509
            ],
            [
              -111.937525,
              33.420509
            ],
            [
              -111.937528,
              33.420659
            ],
            [
              -111.937467,
              33.42066
            ],
            [
              -111.937285,
              33.420662
            ],
            [
              -111.937221,
              33.420663
            ],
            [
              -111.93716,
              33.420664
            ],
            [
              -111.937137,
              33.420664
            ],
            [
              -111.937134,
              33.420518
            ],
            [
              -111.937146,
              33.420518
            ]
          ]
        ]
      },
      "properties": {
        "BLDG_CODE": "ART",
        "BLDG_NAME": "Art Bldg.",
        "Type": "Academic",
        "Image": null,
        "Shape__Area": 9.943278200807981e-08
      }
    },
    {
      "type": "Feature",
      "geometry": {
        "type": "Polygon",
        "coordinates": [
          [
            [
              -111.937772,
              33.421027
            ],
            [
              -111.937771,
              33.420959
            ],
            [
              -111.937679,
              33.42096
            ],
            [
              -111.937678,
              33.420913
            ],
            [
              -111.93782,
              33.420912
            ],
            [
              -111.937821,
              33.420978
            ],
            [
              -111.937836,
              33.420978
            ],
            [
              -111.937837,
              33.421026
            ],
            [
              -111.937772,
              33.421027
            ]
          ]
        ]
      },
      "properties": {
        "BLDG_CODE": "ARWH",
        "BLDG_NAME": "Art Warehouse",
        "Type": "Academic",
        "Image": null,
        "Shape__Area": 1.071839506039396e-08
      }
    },
    {
      "type": "Feature",
      "geometry": {
        "type": "Polygon",
        "coordinates": [
          [
            [
              -111.934294,
              33.416694
            ],
            [
              -111.934336,
              33.416693
            ],
            [
              -111.934336,
              33.416656
            ],
            [
              -111.934333,
              33.416341
            ],
            [
              -111.934343,
              33.416341
            ],
            [
              -111.934552,
              33.416339
            ],
            [
              -111.934555,
              33.416591
            ],
            [
              -111.934555,
              33.416655
            ],
            [
              -111.934556,
              33.416669
            ],
            [
              -111.934559,
              33.417
            ],
            [
              -111.934474,
              33.417001
            ],
            [
              -111.934366,
              33.417002
            ],
            [
              -111.93435,
              33.417002
            ],
            [
              -111.934297,
              33.417002
            ],
            [
              -111.934294,
              33.416694
            ]
          ]
        ]
      },
      "properties": {
        "BLDG_CODE": "BA",
        "BLDG_NAME": "Business Administration",
        "Type": "Administration",
        "Image": null,
        "Shape__Area": 1.5826753951841965e-07
      }
    },
    {
      "type": "Feature",
      "geometry": {
        "type": "Polygon",
        "coordinates": [
          [
            [
              -111.934131,
              33.416554
            ],
            [
              -111.934112,
              33.416571
            ],
            [
              -111.934111,
              33.416572
            ],
            [
              -111.934082,
              33.416597
            ],
            [
              -111.934081,
              33.416597
            ],
            [
              -111.933841,
              33.416805
            ],
            [
              -111.933542,
              33.416561
            ],
            [
              -111.933833,
              33.41631
            ],
            [
              -111.934131,
              33.416554
            ]
          ],
          [
            [
              -111.933797,
              33.416598
            ],
            [
              -111.933845,
              33.416634
            ],
            [
              -111.933885,
              33.416595
            ],
            [
              -111.933837,
              33.41656
            ],
            [
              -111.933797,
              33.416598
            ]
          ],
          [
            [
              -111.933826,
              33.416518
            ],
            [
              -111.93388,
              33.416562
            ],
            [
              -111.933911,
              33.416535
            ],
            [
              -111.933857,
              33.416491
            ],
            [
              -111.933826,
              33.416518
            ]
          ]
        ]
      },
      "properties": {
        "BLDG_CODE": "BAC",
        "BLDG_NAME": "Business Administration C Wing",
        "Type": "Administration",
        "Image": null,
        "Shape__Area": 1.4009992810315453e-07
      }
    },
    {
      "type": "Feature",
      "geometry": {
        "type": "Polygon",
        "coordinates": [
          [
            [
              -111.924235,
              33.425485
            ],
            [
              -111.924235,
              33.425624
            ],
            [
              -111.924006,
              33.425624
            ],
            [
              -111.924005,
              33.425485
            ],
            [
              -111.924235,
              33.425485
            ]
          ]
        ]
      },
      "properties": {
        "BLDG_CODE": "BBTS",
        "BLDG_NAME": "Band Bldg., Toilets & Storage",
        "Type": "Infrastructure",
        "Image": null,
        "Shape__Area": 3.1958052204572596e-08
      }
    },
    {
      "type": "Feature",
      "geometry": {
        "type": "Polygon",
        "coordinates": [
          [
            [
              -111.928272,
              33.419302
            ],
            [
              -111.928267,
              33.418774
            ],
            [
              -111.928266,
              33.418701
            ],
            [
              -111.928501,
              33.418699
            ],
            [
              -111.928502,
              33.419369
            ],
            [
              -111.928332,
              33.41937
            ],
            [
              -111.928273,
              33.41937
            ],
            [
              -111.928272,
              33.419302
            ]
          ]
        ]
      },
      "properties": {
        "BLDG_CODE": "BDA",
        "BLDG_NAME": "Biodesign Institute Bldg A",
        "Type": "Research",
        "Image": null,
        "Shape__Area": 1.5509226614085492e-07
      }
    },
    {
      "type": "Feature",
      "geometry": {
        "type": "Polygon",
        "coordinates": [
          [
            [
              -111.92828,
              33.41999
            ],
            [
              -111.928279,
              33.41993
            ],
            [
              -111.928275,
              33.419529
            ],
            [
              -111.928274,
              33.419437
            ],
            [
              -111.928333,
              33.419437
            ],
            [
              -111.928517,
              33.419436
            ],
            [
              -111.928517,
              33.419509
            ],
            [
              -111.928465,
              33.419509
            ],
            [
              -111.928466,
              33.419616
            ],
            [
              -111.928519,
              33.419616
            ],
            [
              -111.928519,
              33.419684
            ],
            [
              -111.928523,
              33.419992
            ],
            [
              -111.92828,
              33.419994
            ],
            [
              -111.92828,
              33.41999
            ]
          ]
        ]
      },
      "properties": {
        "BLDG_CODE": "BDB",
        "BLDG_NAME": "Biodesign Institute Bldg B",
        "Type": "Research",
        "Image": null,
        "Shape__Area": 1.295768470299663e-07
      }
    },
    {
      "type": "Feature",
      "geometry": {
        "type": "Polygon",
        "coordinates": [
          [
            [
              -111.930353,
              33.41822
            ],
            [
              -111.93035,
              33.41803
            ],
            [
              -111.930739,
              33.418027
            ],
            [
              -111.930739,
              33.418013
            ],
            [
              -111.930733,
              33.417495
            ],
            [
              -111.930791,
              33.417495
            ],
            [
              -111.930791,
              33.417523
            ],
            [
              -111.930796,
              33.417984
            ],
            [
              -111.930797,
              33.418025
            ],
            [
              -111.930798,
              33.418139
            ],
            [
              -111.930731,
              33.418139
            ],
            [
              -111.930721,
              33.418139
            ],
            [
              -111.930699,
              33.41814
            ],
            [
              -111.9307,
              33.418181
            ],
            [
              -111.9307,
              33.418217
            ],
            [
              -111.930353,
              33.41822
            ]
          ]
        ]
      },
      "properties": {
        "BLDG_CODE": "BDH",
        "BLDG_NAME": "Bulldog Hall",
        "Type": "Academic",
        "Image": null,
        "Shape__Area": 1.0795270100061316e-07
      }
    },
    {
      "type": "Feature",
      "geometry": {
        "type": "Polygon",
        "coordinates": [
          [
            [
              -111.931566,
              33.418046
            ],
            [
              -111.931565,
              33.41799
            ],
            [
              -111.93166,
              33.417988
            ],
            [
              -111.93166,
              33.417979
            ],
            [
              -111.931656,
              33.417608
            ],
            [
              -111.932024,
              33.417604
            ],
            [
              -111.932028,
              33.417604
            ],
            [
              -111.932032,
              33.417954
            ],
            [
              -111.932109,
              33.417954
            ],
            [
              -111.93211,
              33.418039
            ],
            [
              -111.932023,
              33.418041
            ],
            [
              -111.931999,
              33.41804
            ],
            [
              -111.931994,
              33.41804
            ],
            [
              -111.931935,
              33.418041
            ],
            [
              -111.93166,
              33.418045
            ],
            [
              -111.931566,
              33.418046
            ]
          ]
        ]
      },
      "properties": {
        "BLDG_CODE": "BKSTR",
        "BLDG_NAME": "Bookstore",
        "Type": "Student Life",
        "Image": null,
        "Shape__Area": 1.7445631783630233e-07
      }
    },
    {
      "type": "Feature",
      "geometry": {
        "type": "Polygon",
        "coordinates": [
          [
            [
              -111.923567,
              33.42595
            ],
            [
              -111.923567,
              33.425757
            ],
            [
              -111.923632,
              33.425757
            ],
            [
              -111.92363,
              33.425225
            ],
            [
              -111.923664,
              33.425251
            ],
            [
              -111.923705,
              33.425214
            ],
            [
              -111.92359,
              33.425125
            ],
            [
              -111.923549,
              33.425162
            ],
            [
              -111.923595,
              33.425198
            ],
            [
              -111.923139,
              33.425199
            ],
            [
              -111.922804,
              33.4252
            ],
            [
              -111.922804,
              33.425098
            ],
            [
              -111.923553,
              33.425096
            ],
            [
              -111.923564,
              33.425096
            ],
            [
              -111.923763,
              33.425096
            ],
            [
              -111.923763,
              33.425197
            ],
            [
              -111.923765,
              33.425949
            ],
            [
              -111.923567,
              33.42595
            ]
          ]
        ]
      },
      "properties": {
        "BLDG_CODE": "BRO",
        "BLDG_NAME": "Bro Softball Hitting Facility",
        "Type": "Academic",
        "Image": null,
        "Shape__Area": 2.026138190558413e-07
      }
    },
    {
      "type": "Feature",
      "geometry": {
        "type": "Polygon",
        "coordinates": [
          [
            [
              -111.929192,
              33.428447
            ],
            [
              -111.928323,
              33.428454
            ],
            [
              -111.928317,
              33.42787
            ],
            [
              -111.929185,
              33.427864
            ],
            [
              -111.929192,
              33.428447
            ]
          ]
        ]
      },
      "properties": {
        "BLDG_CODE": "BTPS",
        "BLDG_NAME": "Batting Tunnels @ Packard Stadium",
        "Type": "Athletics",
        "Image": null,
        "Shape__Area": 5.068361588200787e-07
      }
    },
    {
      "type": "Feature",
      "geometry": {
        "type": "Polygon",
        "coordinates": [
          [
            [
              -111.939088,
              33.423596
            ],
            [
              -111.939042,
              33.423644
            ],
            [
              -111.938824,
              33.423648
            ],
            [
              -111.938781,
              33.423605
            ],
            [
              -111.938774,
              33.423333
            ],
            [
              -111.939081,
              33.423327
            ],
            [
              -111.939088,
              33.423596
            ]
          ]
        ]
      },
      "properties": {
        "BLDG_CODE": "BYAC",
        "BLDG_NAME": "Artisan Court At The Brickyard",
        "Type": "Academic",
        "Image": null,
        "Shape__Area": 9.516861609881744e-08
      }
    },
    {
      "type": "Feature",
      "geometry": {
        "type": "Polygon",
        "coordinates": [
          [
            [
              -111.939353,
              33.423805
            ],
            [
              -111.939352,
              33.423635
            ],
            [
              -111.939352,
              33.423626
            ],
            [
              -111.93935,
              33.423328
            ],
            [
              -111.939723,
              33.423326
            ],
            [
              -111.939733,
              33.423333
            ],
            [
              -111.939714,
              33.42334
            ],
            [
              -111.939704,
              33.423349
            ],
            [
              -111.939702,
              33.423364
            ],
            [
              -111.939707,
              33.423378
            ],
            [
              -111.939724,
              33.423393
            ],
            [
              -111.939746,
              33.423394
            ],
            [
              -111.939765,
              33.423386
            ],
            [
              -111.939768,
              33.423377
            ],
            [
              -111.939773,
              33.423363
            ],
            [
              -111.939772,
              33.423362
            ],
            [
              -111.939786,
              33.423371
            ],
            [
              -111.939786,
              33.423385
            ],
            [
              -111.939787,
              33.423623
            ],
            [
              -111.939787,
              33.423639
            ],
            [
              -111.939788,
              33.423798
            ],
            [
              -111.939789,
              33.423903
            ],
            [
              -111.939354,
              33.423905
            ],
            [
              -111.939353,
              33.423805
            ]
          ],
          [
            [
              -111.939632,
              33.423614
            ],
            [
              -111.939522,
              33.423614
            ],
            [
              -111.939522,
              33.423659
            ],
            [
              -111.939632,
              33.423659
            ],
            [
              -111.939632,
              33.423614
            ]
          ]
        ]
      },
      "properties": {
        "BLDG_CODE": "BYENG",
        "BLDG_NAME": "Bank Of America At The Brickyard",
        "Type": "Academic",
        "Image": null,
        "Shape__Area": 2.4183646019082516e-07
      }
    },
    {
      "type": "Feature",
      "geometry": {
        "type": "Polygon",
        "coordinates": [
          [
            [
              -111.938385,
              33.42422
            ],
            [
              -111.938382,
              33.423957
            ],
            [
              -111.938408,
              33.423957
            ],
            [
              -111.938776,
              33.423954
            ],
            [
              -111.939084,
              33.423952
            ],
            [
              -111.9391,
              33.423952
            ],
            [
              -111.939179,
              33.423951
            ],
            [
              -111.939181,
              33.424113
            ],
            [
              -111.939066,
              33.424114
            ],
            [
              -111.939067,
              33.424215
            ],
            [
              -111.938761,
              33.424217
            ],
            [
              -111.938761,
              33.424175
            ],
            [
              -111.938788,
              33.424175
            ],
            [
              -111.938787,
              33.424079
            ],
            [
              -111.938681,
              33.424079
            ],
            [
              -111.938682,
              33.424168
            ],
            [
              -111.938721,
              33.424168
            ],
            [
              -111.938722,
              33.424218
            ],
            [
              -111.938385,
              33.42422
            ]
          ]
        ]
      },
      "properties": {
        "BLDG_CODE": "BYOH",
        "BLDG_NAME": "Orchidhouse At The Brickyard",
        "Type": "Academic",
        "Image": null,
        "Shape__Area": 1.8638252186065074e-07
      }
    },
    {
      "type": "Feature",
      "geometry": {
        "type": "Polygon",
        "coordinates": [
          [
            [
              -111.934684,
              33.422885
            ],
            [
              -111.934668,
              33.422595
            ],
            [
              -111.934565,
              33.422599
            ],
            [
              -111.93455,
              33.4226
            ],
            [
              -111.934547,
              33.422546
            ],
            [
              -111.934562,
              33.422545
            ],
            [
              -111.934795,
              33.422537
            ],
            [
              -111.93483,
              33.423193
            ],
            [
              -111.93475,
              33.423196
            ],
            [
              -111.9347,
              33.423197
            ],
            [
              -111.934684,
              33.422885
            ]
          ]
        ]
      },
      "properties": {
        "BLDG_CODE": "CAM",
        "BLDG_NAME": "College Avenue Market Place",
        "Type": "Student Life",
        "Image": null,
        "Shape__Area": 9.183213478536345e-08
      }
    },
    {
      "type": "Feature",
      "geometry": {
        "type": "Polygon",
        "coordinates": [
          [
            [
              -111.937078,
              33.421395
            ],
            [
              -111.937119,
              33.421394
            ],
            [
              -111.937121,
              33.421618
            ],
            [
              -111.937064,
              33.421618
            ],
            [
              -111.937064,
              33.421562
            ],
            [
              -111.937063,
              33.421534
            ],
            [
              -111.937062,
              33.421447
            ],
            [
              -111.937062,
              33.421395
            ],
            [
              -111.937078,
              33.421395
            ]
          ]
        ]
      },
      "properties": {
        "BLDG_CODE": "CDN",
        "BLDG_NAME": "Design North",
        "Type": "Academic",
        "Image": null,
        "Shape__Area": 1.2701775631285273e-08
      }
    },
    {
      "type": "Feature",
      "geometry": {
        "type": "Polygon",
        "coordinates": [
          [
            [
              -111.93738,
              33.420909
            ],
            [
              -111.937382,
              33.421125
            ],
            [
              -111.937346,
              33.421125
            ],
            [
              -111.937346,
              33.421147
            ],
            [
              -111.937313,
              33.421147
            ],
            [
              -111.937259,
              33.421148
            ],
            [
              -111.937259,
              33.421172
            ],
            [
              -111.937294,
              33.421172
            ],
            [
              -111.937295,
              33.421279
            ],
            [
              -111.93726,
              33.42128
            ],
            [
              -111.937261,
              33.421316
            ],
            [
              -111.93721,
              33.421317
            ],
            [
              -111.937211,
              33.421394
            ],
            [
              -111.937211,
              33.421403
            ],
            [
              -111.937316,
              33.421402
            ],
            [
              -111.937349,
              33.421402
            ],
            [
              -111.937349,
              33.421416
            ],
            [
              -111.937351,
              33.421755
            ],
            [
              -111.936783,
              33.421759
            ],
            [
              -111.936781,
              33.421588
            ],
            [
              -111.936781,
              33.421551
            ],
            [
              -111.93678,
              33.421497
            ],
            [
              -111.936779,
              33.421379
            ],
            [
              -111.936778,
              33.42132
            ],
            [
              -111.936844,
              33.421319
            ],
            [
              -111.936845,
              33.421385
            ],
            [
              -111.936876,
              33.421385
            ],
            [
              -111.937182,
              33.421382
            ],
            [
              -111.937182,
              33.421379
            ],
            [
              -111.937181,
              33.421317
            ],
            [
              -111.937181,
              33.421269
            ],
            [
              -111.937166,
              33.421269
            ],
            [
              -111.937165,
              33.421193
            ],
            [
              -111.937165,
              33.421174
            ],
            [
              -111.937198,
              33.421174
            ],
            [
              -111.937198,
              33.421139
            ],
            [
              -111.937165,
              33.421139
            ],
            [
              -111.936768,
              33.421142
            ],
            [
              -111.936766,
              33.420944
            ],
            [
              -111.936766,
              33.420914
            ],
            [
              -111.936791,
              33.420914
            ],
            [
              -111.936791,
              33.420897
            ],
            [
              -111.936987,
              33.420894
            ],
            [
              -111.937256,
              33.420892
            ],
            [
              -111.937353,
              33.420891
            ],
            [
              -111.937353,
              33.42091
            ],
            [
              -111.93738,
              33.420909
            ]
          ],
          [
            [
              -111.937121,
              33.421618
            ],
            [
              -111.937119,
              33.421394
            ],
            [
              -111.937078,
              33.421395
            ],
            [
              -111.937062,
              33.421395
            ],
            [
              -111.937062,
              33.421447
            ],
            [
              -111.936936,
              33.421448
            ],
            [
              -111.936936,
              33.421403
            ],
            [
              -111.936876,
              33.421404
            ],
            [
              -111.936878,
              33.42162
            ],
            [
              -111.936938,
              33.421619
            ],
            [
              -111.936937,
              33.421563
            ],
            [
              -111.937064,
              33.421562
            ],
            [
              -111.937064,
              33.421618
            ],
            [
              -111.937121,
              33.421618
            ]
          ],
          [
            [
              -111.936861,
              33.421587
            ],
            [
              -111.93686,
              33.421557
            ],
            [
              -111.936793,
              33.421557
            ],
            [
              -111.936794,
              33.421587
            ],
            [
              -111.936861,
              33.421587
            ]
          ]
        ]
      },
      "properties": {
        "BLDG_CODE": "CDS",
        "BLDG_NAME": "Design South",
        "Type": "Academic",
        "Image": null,
        "Shape__Area": 3.429181560932193e-07
      }
    },
    {
      "type": "Feature",
      "geometry": {
        "type": "Polygon",
        "coordinates": [
          [
            [
              -111.92781,
              33.414956
            ],
            [
              -111.92781,
              33.415044
            ],
            [
              -111.92781,
              33.415068
            ],
            [
              -111.927476,
              33.41507
            ],
            [
              -111.927476,
              33.415084
            ],
            [
              -111.927237,
              33.415086
            ],
            [
              -111.927237,
              33.415104
            ],
            [
              -111.927161,
              33.415105
            ],
            [
              -111.927161,
              33.415029
            ],
            [
              -111.927146,
              33.415029
            ],
            [
              -111.927146,
              33.414969
            ],
            [
              -111.927419,
              33.414967
            ],
            [
              -111.92742,
              33.415004
            ],
            [
              -111.927447,
              33.415004
            ],
            [
              -111.927446,
              33.414967
            ],
            [
              -111.927446,
              33.414959
            ],
            [
              -111.92781,
              33.414956
            ]
          ]
        ]
      },
      "properties": {
        "BLDG_CODE": "CERHAL",
        "BLDG_NAME": "Barrett College Cereus Hall",
        "Type": "Housing",
        "Image": null,
        "Shape__Area": 7.552739589300472e-08
      }
    },
    {
      "type": "Feature",
      "geometry": {
        "type": "Polygon",
        "coordinates": [
          [
            [
              -111.936343,
              33.420868
            ],
            [
              -111.936344,
              33.421013
            ],
            [
              -111.936146,
              33.421014
            ],
            [
              -111.936145,
              33.42087
            ],
            [
              -111.936343,
              33.420868
            ]
          ]
        ]
      },
      "properties": {
        "BLDG_CODE": "CFS",
        "BLDG_NAME": "Center For Family Studies",
        "Type": "Academic",
        "Image": null,
        "Shape__Area": 2.8630665838136338e-08
      }
    },
    {
      "type": "Feature",
      "geometry": {
        "type": "Polygon",
        "coordinates": [
          [
            [
              -111.935299,
              33.418467
            ],
            [
              -111.935359,
              33.418466
            ],
            [
              -111.935359,
              33.418504
            ],
            [
              -111.935379,
              33.418504
            ],
            [
              -111.93538,
              33.418552
            ],
            [
              -111.935255,
              33.418553
            ],
            [
              -111.935254,
              33.418505
            ],
            [
              -111.935299,
              33.418504
            ],
            [
              -111.935299,
              33.418467
            ]
          ]
        ]
      },
      "properties": {
        "BLDG_CODE": "CHAPL",
        "BLDG_NAME": "Danforth Chapel",
        "Type": "Academic",
        "Image": null,
        "Shape__Area": 8.251390681834891e-09
      }
    },
    {
      "type": "Feature",
      "geometry": {
        "type": "Polygon",
        "coordinates": [
          [
            [
              -111.924866,
              33.419752
            ],
            [
              -111.924666,
              33.4201
            ],
            [
              -111.924476,
              33.420023
            ],
            [
              -111.924676,
              33.419675
            ],
            [
              -111.924866,
              33.419752
            ]
          ]
        ]
      },
      "properties": {
        "BLDG_CODE": "CHILD",
        "BLDG_NAME": "Campus Childrens Center",
        "Type": "Academic",
        "Image": null,
        "Shape__Area": 8.1436155596748e-08
      }
    },
    {
      "type": "Feature",
      "geometry": {
        "type": "Polygon",
        "coordinates": [
          [
            [
              -111.928581,
              33.416929
            ],
            [
              -111.928582,
              33.417003
            ],
            [
              -111.928332,
              33.417004
            ],
            [
              -111.928331,
              33.416931
            ],
            [
              -111.928581,
              33.416929
            ]
          ]
        ]
      },
      "properties": {
        "BLDG_CODE": "CHPF",
        "BLDG_NAME": "Combined Heat And Power Facility",
        "Type": "Academic",
        "Image": null,
        "Shape__Area": 1.837452145991847e-08
      }
    },
    {
      "type": "Feature",
      "geometry": {
        "type": "Polygon",
        "coordinates": [
          [
            [
              -111.929858,
              33.415529
            ],
            [
              -111.929856,
              33.415244
            ],
            [
              -111.929922,
              33.415243
            ],
            [
              -111.929923,
              33.415381
            ],
            [
              -111.929892,
              33.415382
            ],
            [
              -111.929893,
              33.415444
            ],
            [
              -111.929924,
              33.415444
            ],
            [
              -111.929923,
              33.415387
            ],
            [
              -111.930106,
              33.415386
            ],
            [
              -111.930102,
              33.415044
            ],
            [
              -111.92992,
              33.415045
            ],
            [
              -111.92992,
              33.41511
            ],
            [
              -111.929869,
              33.41511
            ],
            [
              -111.92987,
              33.415151
            ],
            [
              -111.929921,
              33.41515
            ],
            [
              -111.929921,
              33.415201
            ],
            [
              -111.929761,
              33.415202
            ],
            [
              -111.92976,
              33.41507
            ],
            [
              -111.929759,
              33.41504
            ],
            [
              -111.929758,
              33.414908
            ],
            [
              -111.930101,
              33.414905
            ],
            [
              -111.930258,
              33.414904
            ],
            [
              -111.930264,
              33.415403
            ],
            [
              -111.930265,
              33.415526
            ],
            [
              -111.929858,
              33.415529
            ]
          ]
        ]
      },
      "properties": {
        "BLDG_CODE": "CHUPA",
        "BLDG_NAME": "Hav- Chuparosa Hall",
        "Type": "Housing",
        "Image": null,
        "Shape__Area": 2.1125379134900868e-07
      }
    },
    {
      "type": "Feature",
      "geometry": {
        "type": "Polygon",
        "coordinates": [
          [
            [
              -111.937591,
              33.419596
            ],
            [
              -111.937591,
              33.419572
            ],
            [
              -111.936686,
              33.419576
            ],
            [
              -111.936685,
              33.419391
            ],
            [
              -111.936685,
              33.419343
            ],
            [
              -111.936806,
              33.419342
            ],
            [
              -111.93686,
              33.419342
            ],
            [
              -111.936966,
              33.419342
            ],
            [
              -111.936995,
              33.419342
            ],
            [
              -111.936995,
              33.419335
            ],
            [
              -111.9371,
              33.419334
            ],
            [
              -111.9371,
              33.419298
            ],
            [
              -111.937158,
              33.419297
            ],
            [
              -111.937158,
              33.419286
            ],
            [
              -111.937301,
              33.419286
            ],
            [
              -111.937301,
              33.419332
            ],
            [
              -111.937393,
              33.419332
            ],
            [
              -111.937492,
              33.419331
            ],
            [
              -111.937492,
              33.419388
            ],
            [
              -111.937511,
              33.419387
            ],
            [
              -111.937511,
              33.419353
            ],
            [
              -111.937873,
              33.419352
            ],
            [
              -111.937891,
              33.419352
            ],
            [
              -111.937891,
              33.419386
            ],
            [
              -111.937892,
              33.419571
            ],
            [
              -111.937687,
              33.419572
            ],
            [
              -111.937687,
              33.419546
            ],
            [
              -111.937638,
              33.419547
            ],
            [
              -111.937638,
              33.419595
            ],
            [
              -111.937591,
              33.419596
            ]
          ]
        ]
      },
      "properties": {
        "BLDG_CODE": "COOR",
        "BLDG_NAME": "Coor Hall",
        "Type": "Academic",
        "Image": null,
        "Shape__Area": 2.874580786738079e-07
      }
    },
    {
      "type": "Feature",
      "geometry": {
        "type": "Polygon",
        "coordinates": [
          [
            [
              -111.935253,
              33.421184
            ],
            [
              -111.93525,
              33.420905
            ],
            [
              -111.935448,
              33.420903
            ],
            [
              -111.935449,
              33.421011
            ],
            [
              -111.935645,
              33.42101
            ],
            [
              -111.935646,
              33.421061
            ],
            [
              -111.935621,
              33.421061
            ],
            [
              -111.935622,
              33.421095
            ],
            [
              -111.935646,
              33.421095
            ],
            [
              -111.935647,
              33.421182
            ],
            [
              -111.935253,
              33.421184
            ]
          ]
        ]
      },
      "properties": {
        "BLDG_CODE": "COWDN",
        "BLDG_NAME": "Cowden Family Resources Bldg.",
        "Type": "Academic",
        "Image": null,
        "Shape__Area": 8.827964848023839e-08
      }
    },
    {
      "type": "Feature",
      "geometry": {
        "type": "Polygon",
        "coordinates": [
          [
            [
              -111.933622,
              33.419124
            ],
            [
              -111.933534,
              33.419125
            ],
            [
              -111.933534,
              33.41906
            ],
            [
              -111.933621,
              33.41906
            ],
            [
              -111.933622,
              33.419124
            ]
          ]
        ]
      },
      "properties": {
        "BLDG_CODE": "CP",
        "BLDG_NAME": "Central Plant",
        "Type": "Academic",
        "Image": null,
        "Shape__Area": 5.6500084610888734e-09
      }
    },
    {
      "type": "Feature",
      "geometry": {
        "type": "Polygon",
        "coordinates": [
          [
            [
              -111.932479,
              33.417875
            ],
            [
              -111.93229,
              33.417877
            ],
            [
              -111.93229,
              33.417806
            ],
            [
              -111.932478,
              33.417805
            ],
            [
              -111.932479,
              33.417875
            ]
          ]
        ]
      },
      "properties": {
        "BLDG_CODE": "CRTVC",
        "BLDG_NAME": "Creativity Commons",
        "Type": "Housing",
        "Image": null,
        "Shape__Area": 1.3267708709463477e-08
      }
    },
    {
      "type": "Feature",
      "geometry": {
        "type": "Polygon",
        "coordinates": [
          [
            [
              -111.932708,
              33.425327
            ],
            [
              -111.932753,
              33.425186
            ],
            [
              -111.932594,
              33.425161
            ],
            [
              -111.932617,
              33.425057
            ],
            [
              -111.932799,
              33.425045
            ],
            [
              -111.933138,
              33.425112
            ],
            [
              -111.933313,
              33.425197
            ],
            [
              -111.933247,
              33.425307
            ],
            [
              -111.933111,
              33.425277
            ],
            [
              -111.933069,
              33.425409
            ],
            [
              -111.933063,
              33.425427
            ],
            [
              -111.932702,
              33.425346
            ],
            [
              -111.932708,
              33.425327
            ]
          ]
        ]
      },
      "properties": {
        "BLDG_CODE": "CSAC",
        "BLDG_NAME": "Carson Student Athlete Center",
        "Type": "Athletics",
        "Image": null,
        "Shape__Area": 1.613839231140446e-07
      }
    },
    {
      "type": "Feature",
      "geometry": {
        "type": "Polygon",
        "coordinates": [
          [
            [
              -111.926932,
              33.414957
            ],
            [
              -111.927063,
              33.414956
            ],
            [
              -111.927068,
              33.415454
            ],
            [
              -111.926999,
              33.415455
            ],
            [
              -111.927,
              33.415526
            ],
            [
              -111.926979,
              33.415527
            ],
            [
              -111.926979,
              33.415548
            ],
            [
              -111.926905,
              33.415549
            ],
            [
              -111.926905,
              33.415466
            ],
            [
              -111.926901,
              33.41515
            ],
            [
              -111.926934,
              33.41515
            ],
            [
              -111.926932,
              33.414957
            ]
          ]
        ]
      },
      "properties": {
        "BLDG_CODE": "CWHAL",
        "BLDG_NAME": "Barrett College Cottonwood Hall",
        "Type": "Housing",
        "Image": null,
        "Shape__Area": 8.340884960489348e-08
      }
    },
    {
      "type": "Feature",
      "geometry": {
        "type": "Polygon",
        "coordinates": [
          [
            [
              -111.931202,
              33.42409
            ],
            [
              -111.93121,
              33.424092
            ],
            [
              -111.931218,
              33.424094
            ],
            [
              -111.931226,
              33.424095
            ],
            [
              -111.931234,
              33.424097
            ],
            [
              -111.931242,
              33.424099
            ],
            [
              -111.93125,
              33.424101
            ],
            [
              -111.931258,
              33.424103
            ],
            [
              -111.931266,
              33.424106
            ],
            [
              -111.931274,
              33.424108
            ],
            [
              -111.931282,
              33.424111
            ],
            [
              -111.931289,
              33.424113
            ],
            [
              -111.931297,
              33.424116
            ],
            [
              -111.931305,
              33.424119
            ],
            [
              -111.931312,
              33.424122
            ],
            [
              -111.93132,
              33.424125
            ],
            [
              -111.931327,
              33.424128
            ],
            [
              -111.931335,
              33.424131
            ],
            [
              -111.931342,
              33.424135
            ],
            [
              -111.931349,
              33.424138
            ],
            [
              -111.931356,
              33.424142
            ],
            [
              -111.931363,
              33.424145
            ],
            [
              -111.93137,
              33.424149
            ],
            [
              -111.931377,
              33.424153
            ],
            [
              -111.931384,
              33.424157
            ],
            [
              -111.931391,
              33.424161
            ],
            [
              -111.931398,
              33.424165
            ],
            [
              -111.931405,
              33.424169
            ],
            [
              -111.931411,
              33.424173
            ],
            [
              -111.931418,
              33.424178
            ],
            [
              -111.931424,
              33.424182
            ],
            [
              -111.93143,
              33.424187
            ],
            [
              -111.931437,
              33.424192
            ],
            [
              -111.931443,
              33.424196
            ],
            [
              -111.931449,
              33.424201
            ],
            [
              -111.931455,
              33.424206
            ],
            [
              -111.931461,
              33.424211
            ],
            [
              -111.931466,
              33.424216
            ],
            [
              -111.931472,
              33.424221
            ],
            [
              -111.931477,
              33.424226
            ],
            [
              -111.931483,
              33.424232
            ],
            [
              -111.931488,
              33.424237
            ],
            [
              -111.931493,
              33.424243
            ],
            [
              -111.931499,
              33.424248
            ],
            [
              -111.931504,
              33.424254
            ],
            [
              -111.931509,
              33.424259
            ],
            [
              -111.931513,
              33.424265
            ],
            [
              -111.931518,
              33.424271
            ],
            [
              -111.931523,
              33.424277
            ],
            [
              -111.931527,
              33.424283
            ],
            [
              -111.931531,
              33.424289
            ],
            [
              -111.931536,
              33.424295
            ],
            [
              -111.93154,
              33.424301
            ],
            [
              -111.931544,
              33.424307
            ],
            [
              -111.931548,
              33.424313
            ],
            [
              -111.931551,
              33.424319
            ],
            [
              -111.931555,
              33.424325
            ],
            [
              -111.931559,
              33.424332
            ],
            [
              -111.931562,
              33.424338
            ],
            [
              -111.931565,
              33.424345
            ],
            [
              -111.931568,
              33.424351
            ],
            [
              -111.931571,
              33.424358
            ],
            [
              -111.931574,
              33.424364
            ],
            [
              -111.931577,
              33.424371
            ],
            [
              -111.93158,
              33.424377
            ],
            [
              -111.931582,
              33.424384
            ],
            [
              -111.931584,
              33.424391
            ],
            [
              -111.931587,
              33.424398
            ],
            [
              -111.931589,
              33.424404
            ],
            [
              -111.931591,
              33.424411
            ],
            [
              -111.931592,
              33.424418
            ],
            [
              -111.931594,
              33.424425
            ],
            [
              -111.931596,
              33.424432
            ],
            [
              -111.931597,
              33.424439
            ],
            [
              -111.931598,
              33.424445
            ],
            [
              -111.9316,
              33.424452
            ],
            [
              -111.931601,
              33.424459
            ],
            [
              -111.931602,
              33.424466
            ],
            [
              -111.931602,
              33.424473
            ],
            [
              -111.931603,
              33.42448
            ],
            [
              -111.931603,
              33.424487
            ],
            [
              -111.931604,
              33.424494
            ],
            [
              -111.931604,
              33.424501
            ],
            [
              -111.931604,
              33.424508
            ],
            [
              -111.931604,
              33.424515
            ],
            [
              -111.931604,
              33.424522
            ],
            [
              -111.931603,
              33.424529
            ],
            [
              -111.931603,
              33.424536
            ],
            [
              -111.931602,
              33.424543
            ],
            [
              -111.931602,
              33.42455
            ],
            [
              -111.931601,
              33.424557
            ],
            [
              -111.9316,
              33.424564
            ],
            [
              -111.931599,
              33.424571
            ],
            [
              -111.931597,
              33.424578
            ],
            [
              -111.931596,
              33.424585
            ],
            [
              -111.931594,
              33.424592
            ],
            [
              -111.931593,
              33.424598
            ],
            [
              -111.931591,
              33.424605
            ],
            [
              -111.931589,
              33.424612
            ],
            [
              -111.931587,
              33.424619
            ],
            [
              -111.931585,
              33.424626
            ],
            [
              -111.931582,
              33.424632
            ],
            [
              -111.93158,
              33.424639
            ],
            [
              -111.931577,
              33.424646
            ],
            [
              -111.931575,
              33.424652
            ],
            [
              -111.931572,
              33.424659
            ],
            [
              -111.931569,
              33.424665
            ],
            [
              -111.931566,
              33.424672
            ],
            [
              -111.931562,
              33.424678
            ],
            [
              -111.931559,
              33.424685
            ],
            [
              -111.931555,
              33.424691
            ],
            [
              -111.931552,
              33.424697
            ],
            [
              -111.931548,
              33.424703
            ],
            [
              -111.931544,
              33.42471
            ],
            [
              -111.93154,
              33.424716
            ],
            [
              -111.931536,
              33.424722
            ],
            [
              -111.931532,
              33.424728
            ],
            [
              -111.931528,
              33.424734
            ],
            [
              -111.931523,
              33.42474
            ],
            [
              -111.931519,
              33.424746
            ],
            [
              -111.931514,
              33.424751
            ],
            [
              -111.931509,
              33.424757
            ],
            [
              -111.931504,
              33.424763
            ],
            [
              -111.931499,
              33.424768
            ],
            [
              -111.931494,
              33.424774
            ],
            [
              -111.931489,
              33.424779
            ],
            [
              -111.931484,
              33.424785
            ],
            [
              -111.931478,
              33.42479
            ],
            [
              -111.931473,
              33.424795
            ],
            [
              -111.931467,
              33.424801
            ],
            [
              -111.931461,
              33.424806
            ],
            [
              -111.931455,
              33.424811
            ],
            [
              -111.93145,
              33.424815
            ],
            [
              -111.931444,
              33.42482
            ],
            [
              -111.931437,
              33.424825
            ],
            [
              -111.931431,
              33.42483
            ],
            [
              -111.931425,
              33.424834
            ],
            [
              -111.931418,
              33.424839
            ],
            [
              -111.931412,
              33.424843
            ],
            [
              -111.931405,
              33.424848
            ],
            [
              -111.931399,
              33.424852
            ],
            [
              -111.931392,
              33.424856
            ],
            [
              -111.931385,
              33.42486
            ],
            [
              -111.931378,
              33.424864
            ],
            [
              -111.931371,
              33.424868
            ],
            [
              -111.931364,
              33.424872
            ],
            [
              -111.931357,
              33.424875
            ],
            [
              -111.93135,
              33.424879
            ],
            [
              -111.931343,
              33.424882
            ],
            [
              -111.931336,
              33.424886
            ],
            [
              -111.931328,
              33.424889
            ],
            [
              -111.931321,
              33.424892
            ],
            [
              -111.931313,
              33.424895
            ],
            [
              -111.931306,
              33.424898
            ],
            [
              -111.931298,
              33.424901
            ],
            [
              -111.93129,
              33.424904
            ],
            [
              -111.931283,
              33.424906
            ],
            [
              -111.931275,
              33.424909
            ],
            [
              -111.931267,
              33.424911
            ],
            [
              -111.931259,
              33.424914
            ],
            [
              -111.931251,
              33.424916
            ],
            [
              -111.931243,
              33.424918
            ],
            [
              -111.931235,
              33.42492
            ],
            [
              -111.931227,
              33.424922
            ],
            [
              -111.931216,
              33.424924
            ],
            [
              -111.931204,
              33.424926
            ],
            [
              -111.931192,
              33.424928
            ],
            [
              -111.93118,
              33.42493
            ],
            [
              -111.931168,
              33.424931
            ],
            [
              -111.931156,
              33.424933
            ],
            [
              -111.931145,
              33.424934
            ],
            [
              -111.931133,
              33.424936
            ],
            [
              -111.931121,
              33.424937
            ],
            [
              -111.931109,
              33.424938
            ],
            [
              -111.931097,
              33.424939
            ],
            [
              -111.931085,
              33.42494
            ],
            [
              -111.931073,
              33.424941
            ],
            [
              -111.931061,
              33.424941
            ],
            [
              -111.931049,
              33.424942
            ],
            [
              -111.931037,
              33.424942
            ],
            [
              -111.931025,
              33.424943
            ],
            [
              -111.931013,
              33.424943
            ],
            [
              -111.931001,
              33.424943
            ],
            [
              -111.930988,
              33.424943
            ],
            [
              -111.930976,
              33.424943
            ],
            [
              -111.930964,
              33.424943
            ],
            [
              -111.930952,
              33.424942
            ],
            [
              -111.93094,
              33.424942
            ],
            [
              -111.930928,
              33.424941
            ],
            [
              -111.930916,
              33.42494
            ],
            [
              -111.930904,
              33.42494
            ],
            [
              -111.930892,
              33.424939
            ],
            [
              -111.93088,
              33.424938
            ],
            [
              -111.930868,
              33.424936
            ],
            [
              -111.930856,
              33.424935
            ],
            [
              -111.930845,
              33.424934
            ],
            [
              -111.930833,
              33.424932
            ],
            [
              -111.930821,
              33.424931
            ],
            [
              -111.930809,
              33.424929
            ],
            [
              -111.930797,
              33.424927
            ],
            [
              -111.930785,
              33.424925
            ],
            [
              -111.930777,
              33.424923
            ],
            [
              -111.930769,
              33.424921
            ],
            [
              -111.930761,
              33.424919
            ],
            [
              -111.930753,
              33.424917
            ],
            [
              -111.930745,
              33.424915
            ],
            [
              -111.930737,
              33.424913
            ],
            [
              -111.930729,
              33.42491
            ],
            [
              -111.930721,
              33.424908
            ],
            [
              -111.930714,
              33.424905
            ],
            [
              -111.930706,
              33.424903
            ],
            [
              -111.930698,
              33.4249
            ],
            [
              -111.930691,
              33.424897
            ],
            [
              -111.930683,
              33.424894
            ],
            [
              -111.930675,
              33.424891
            ],
            [
              -111.930668,
              33.424887
            ],
            [
              -111.930661,
              33.424884
            ],
            [
              -111.930653,
              33.424881
            ],
            [
              -111.930646,
              33.424877
            ],
            [
              -111.930639,
              33.424873
            ],
            [
              -111.930632,
              33.42487
            ],
            [
              -111.930625,
              33.424866
            ],
            [
              -111.930618,
              33.424862
            ],
            [
              -111.930611,
              33.424858
            ],
            [
              -111.930604,
              33.424854
            ],
            [
              -111.930597,
              33.424849
            ],
            [
              -111.930591,
              33.424845
            ],
            [
              -111.930584,
              33.424841
            ],
            [
              -111.930578,
              33.424836
            ],
            [
              -111.930571,
              33.424832
            ],
            [
              -111.930565,
              33.424827
            ],
            [
              -111.930559,
              33.424822
            ],
            [
              -111.930553,
              33.424817
            ],
            [
              -111.930547,
              33.424813
            ],
            [
              -111.930541,
              33.424808
            ],
            [
              -111.930535,
              33.424802
            ],
            [
              -111.930529,
              33.424797
            ],
            [
              -111.930524,
              33.424792
            ],
            [
              -111.930518,
              33.424787
            ],
            [
              -111.930513,
              33.424781
            ],
            [
              -111.930508,
              33.424776
            ],
            [
              -111.930502,
              33.42477
            ],
            [
              -111.930497,
              33.424765
            ],
            [
              -111.930492,
              33.424759
            ],
            [
              -111.930488,
              33.424753
            ],
            [
              -111.930483,
              33.424748
            ],
            [
              -111.930478,
              33.424742
            ],
            [
              -111.930474,
              33.424736
            ],
            [
              -111.930469,
              33.42473
            ],
            [
              -111.930465,
              33.424724
            ],
            [
              -111.930461,
              33.424718
            ],
            [
              -111.930457,
              33.424711
            ],
            [
              -111.930453,
              33.424705
            ],
            [
              -111.930449,
              33.424699
            ],
            [
              -111.930445,
              33.424693
            ],
            [
              -111.930442,
              33.424686
            ],
            [
              -111.930438,
              33.42468
            ],
            [
              -111.930435,
              33.424673
            ],
            [
              -111.930432,
              33.424667
            ],
            [
              -111.930429,
              33.42466
            ],
            [
              -111.930426,
              33.424654
            ],
            [
              -111.930423,
              33.424647
            ],
            [
              -111.93042,
              33.42464
            ],
            [
              -111.930418,
              33.424634
            ],
            [
              -111.930415,
              33.424627
            ],
            [
              -111.930413,
              33.42462
            ],
            [
              -111.930411,
              33.424613
            ],
            [
              -111.930409,
              33.424607
            ],
            [
              -111.930407,
              33.4246
            ],
            [
              -111.930405,
              33.424593
            ],
            [
              -111.930404,
              33.424586
            ],
            [
              -111.930402,
              33.424579
            ],
            [
              -111.930401,
              33.424572
            ],
            [
              -111.9304,
              33.424565
            ],
            [
              -111.930399,
              33.424558
            ],
            [
              -111.930398,
              33.424551
            ],
            [
              -111.930397,
              33.424544
            ],
            [
              -111.930396,
              33.424537
            ],
            [
              -111.930396,
              33.42453
            ],
            [
              -111.930395,
              33.424523
            ],
            [
              -111.930395,
              33.424516
            ],
            [
              -111.930395,
              33.424509
            ],
            [
              -111.930395,
              33.424502
            ],
            [
              -111.930395,
              33.424495
            ],
            [
              -111.930395,
              33.424488
            ],
            [
              -111.930396,
              33.424481
            ],
            [
              -111.930396,
              33.424474
            ],
            [
              -111.930397,
              33.424467
            ],
            [
              -111.930398,
              33.42446
            ],
            [
              -111.930399,
              33.424453
            ],
            [
              -111.9304,
              33.424446
            ],
            [
              -111.930401,
              33.424439
            ],
            [
              -111.930403,
              33.424432
            ],
            [
              -111.930404,
              33.424425
            ],
            [
              -111.930406,
              33.424418
            ],
            [
              -111.930408,
              33.424411
            ],
            [
              -111.93041,
              33.424404
            ],
            [
              -111.930412,
              33.424398
            ],
            [
              -111.930414,
              33.424391
            ],
            [
              -111.930416,
              33.424384
            ],
            [
              -111.930419,
              33.424377
            ],
            [
              -111.930421,
              33.424371
            ],
            [
              -111.930424,
              33.424364
            ],
            [
              -111.930427,
              33.424357
            ],
            [
              -111.93043,
              33.424351
            ],
            [
              -111.930433,
              33.424344
            ],
            [
              -111.930436,
              33.424338
            ],
            [
              -111.930439,
              33.424331
            ],
            [
              -111.930443,
              33.424325
            ],
            [
              -111.930446,
              33.424318
            ],
            [
              -111.93045,
              33.424312
            ],
            [
              -111.930454,
              33.424306
            ],
            [
              -111.930458,
              33.4243
            ],
            [
              -111.930462,
              33.424294
            ],
            [
              -111.930466,
              33.424287
            ],
            [
              -111.930471,
              33.424281
            ],
            [
              -111.930475,
              33.424275
            ],
            [
              -111.93048,
              33.42427
            ],
            [
              -111.930484,
              33.424264
            ],
            [
              -111.930489,
              33.424258
            ],
            [
              -111.930494,
              33.424252
            ],
            [
              -111.930499,
              33.424247
            ],
            [
              -111.930504,
              33.424241
            ],
            [
              -111.930509,
              33.424235
            ],
            [
              -111.930515,
              33.42423
            ],
            [
              -111.93052,
              33.424225
            ],
            [
              -111.930526,
              33.424219
            ],
            [
              -111.930531,
              33.424214
            ],
            [
              -111.930537,
              33.424209
            ],
            [
              -111.930543,
              33.424204
            ],
            [
              -111.930549,
              33.424199
            ],
            [
              -111.930555,
              33.424194
            ],
            [
              -111.930561,
              33.424189
            ],
            [
              -111.930567,
              33.424185
            ],
            [
              -111.930573,
              33.42418
            ],
            [
              -111.93058,
              33.424175
            ],
            [
              -111.930586,
              33.424171
            ],
            [
              -111.930593,
              33.424167
            ],
            [
              -111.9306,
              33.424162
            ],
            [
              -111.930606,
              33.424158
            ],
            [
              -111.930613,
              33.424154
            ],
            [
              -111.93062,
              33.42415
            ],
            [
              -111.930627,
              33.424146
            ],
            [
              -111.930634,
              33.424142
            ],
            [
              -111.930641,
              33.424139
            ],
            [
              -111.930648,
              33.424135
            ],
            [
              -111.930656,
              33.424131
            ],
            [
              -111.930663,
              33.424128
            ],
            [
              -111.93067,
              33.424125
            ],
            [
              -111.930678,
              33.424121
            ],
            [
              -111.930685,
              33.424118
            ],
            [
              -111.930693,
              33.424115
            ],
            [
              -111.930701,
              33.424112
            ],
            [
              -111.930708,
              33.42411
            ],
            [
              -111.930716,
              33.424107
            ],
            [
              -111.930724,
              33.424104
            ],
            [
              -111.930732,
              33.424102
            ],
            [
              -111.93074,
              33.424099
            ],
            [
              -111.930748,
              33.424097
            ],
            [
              -111.930759,
              33.424095
            ],
            [
              -111.930771,
              33.424093
            ],
            [
              -111.930783,
              33.424091
            ],
            [
              -111.930795,
              33.424089
            ],
            [
              -111.930807,
              33.424087
            ],
            [
              -111.930818,
              33.424086
            ],
            [
              -111.93083,
              33.424084
            ],
            [
              -111.930842,
              33.424083
            ],
            [
              -111.930854,
              33.424081
            ],
            [
              -111.930866,
              33.42408
            ],
            [
              -111.930878,
              33.424079
            ],
            [
              -111.93089,
              33.424078
            ],
            [
              -111.930902,
              33.424077
            ],
            [
              -111.930914,
              33.424076
            ],
            [
              -111.930926,
              33.424076
            ],
            [
              -111.930938,
              33.424075
            ],
            [
              -111.93095,
              33.424075
            ],
            [
              -111.930962,
              33.424074
            ],
            [
              -111.930974,
              33.424074
            ],
            [
              -111.930986,
              33.424074
            ],
            [
              -111.930998,
              33.424074
            ],
            [
              -111.93101,
              33.424074
            ],
            [
              -111.931023,
              33.424074
            ],
            [
              -111.931035,
              33.424075
            ],
            [
              -111.931047,
              33.424075
            ],
            [
              -111.931059,
              33.424075
            ],
            [
              -111.931071,
              33.424076
            ],
            [
              -111.931083,
              33.424077
            ],
            [
              -111.931095,
              33.424078
            ],
            [
              -111.931107,
              33.424079
            ],
            [
              -111.931119,
              33.42408
            ],
            [
              -111.931131,
              33.424081
            ],
            [
              -111.931143,
              33.424082
            ],
            [
              -111.931154,
              33.424084
            ],
            [
              -111.931166,
              33.424085
            ],
            [
              -111.931178,
              33.424087
            ],
            [
              -111.93119,
              33.424089
            ],
            [
              -111.931202,
              33.42409
            ]
          ]
        ]
      },
      "properties": {
        "BLDG_CODE": "DFA",
        "BLDG_NAME": "Desert Financial Arena",
        "Type": "Athletics",
        "Image": null,
        "Shape__Area": 8.510187399224378e-07
      }
    },
    {
      "type": "Feature",
      "geometry": {
        "type": "Polygon",
        "coordinates": [
          [
            [
              -111.934472,
              33.420818
            ],
            [
              -111.934582,
              33.420817
            ],
            [
              -111.934582,
              33.420874
            ],
            [
              -111.934671,
              33.420873
            ],
            [
              -111.934671,
              33.420816
            ],
            [
              -111.93468,
              33.420816
            ],
            [
              -111.934759,
              33.420816
            ],
            [
              -111.934761,
              33.420968
            ],
            [
              -111.934681,
              33.420968
            ],
            [
              -111.934663,
              33.420968
            ],
            [
              -111.934474,
              33.42097
            ],
            [
              -111.934306,
              33.420971
            ],
            [
              -111.934304,
              33.420819
            ],
            [
              -111.934472,
              33.420818
            ]
          ]
        ]
      },
      "properties": {
        "BLDG_CODE": "DH",
        "BLDG_NAME": "Durham Hall",
        "Type": "Academic",
        "Image": null,
        "Shape__Area": 6.402228791557718e-08
      }
    },
    {
      "type": "Feature",
      "geometry": {
        "type": "Polygon",
        "coordinates": [
          [
            [
              -111.935466,
              33.416486
            ],
            [
              -111.935466,
              33.416412
            ],
            [
              -111.935465,
              33.416341
            ],
            [
              -111.93558,
              33.416341
            ],
            [
              -111.935581,
              33.416411
            ],
            [
              -111.935581,
              33.416485
            ],
            [
              -111.935466,
              33.416486
            ]
          ]
        ]
      },
      "properties": {
        "BLDG_CODE": "DISCVRY",
        "BLDG_NAME": "Discovery Hall",
        "Type": "Academic",
        "Image": null,
        "Shape__Area": 1.6589638107689098e-08
      }
    },
    {
      "type": "Feature",
      "geometry": {
        "type": "Polygon",
        "coordinates": [
          [
            [
              -111.931772,
              33.418706
            ],
            [
              -111.93177,
              33.418522
            ],
            [
              -111.931808,
              33.418522
            ],
            [
              -111.931808,
              33.418505
            ],
            [
              -111.932512,
              33.418499
            ],
            [
              -111.932512,
              33.418524
            ],
            [
              -111.932557,
              33.418523
            ],
            [
              -111.932557,
              33.41857
            ],
            [
              -111.932558,
              33.418582
            ],
            [
              -111.932559,
              33.4187
            ],
            [
              -111.932007,
              33.418704
            ],
            [
              -111.932009,
              33.418886
            ],
            [
              -111.931894,
              33.418887
            ],
            [
              -111.931892,
              33.418705
            ],
            [
              -111.931772,
              33.418706
            ]
          ]
        ]
      },
      "properties": {
        "BLDG_CODE": "ECA",
        "BLDG_NAME": "Engineering Center A",
        "Type": "Academic",
        "Image": null,
        "Shape__Area": 1.7756224224285688e-07
      }
    },
    {
      "type": "Feature",
      "geometry": {
        "type": "Polygon",
        "coordinates": [
          [
            [
              -111.932329,
              33.418884
            ],
            [
              -111.932367,
              33.418884
            ],
            [
              -111.932368,
              33.418924
            ],
            [
              -111.932329,
              33.418925
            ],
            [
              -111.932329,
              33.418884
            ]
          ]
        ]
      },
      "properties": {
        "BLDG_CODE": "ECANX",
        "BLDG_NAME": "Engineering Center Annex",
        "Type": "Academic",
        "Image": null,
        "Shape__Area": 1.5606929082423449e-09
      }
    },
    {
      "type": "Feature",
      "geometry": {
        "type": "Polygon",
        "coordinates": [
          [
            [
              -111.932159,
              33.418772
            ],
            [
              -111.932158,
              33.418755
            ],
            [
              -111.932261,
              33.418754
            ],
            [
              -111.932261,
              33.418771
            ],
            [
              -111.932496,
              33.418769
            ],
            [
              -111.932497,
              33.418883
            ],
            [
              -111.932367,
              33.418884
            ],
            [
              -111.932329,
              33.418884
            ],
            [
              -111.93216,
              33.418885
            ],
            [
              -111.932159,
              33.418772
            ]
          ]
        ]
      },
      "properties": {
        "BLDG_CODE": "ECB",
        "BLDG_NAME": "Engineering Center B",
        "Type": "Academic",
        "Image": null,
        "Shape__Area": 3.997820385848172e-08
      }
    },
    {
      "type": "Feature",
      "geometry": {
        "type": "Polygon",
        "coordinates": [
          [
            [
              -111.931826,
              33.419222
            ],
            [
              -111.931826,
              33.419195
            ],
            [
              -111.931814,
              33.419195
            ],
            [
              -111.931813,
              33.419128
            ],
            [
              -111.931813,
              33.41909
            ],
            [
              -111.931828,
              33.41909
            ],
            [
              -111.931828,
              33.419067
            ],
            [
              -111.931828,
              33.419046
            ],
            [
              -111.932307,
              33.419043
            ],
            [
              -111.932309,
              33.419246
            ],
            [
              -111.931827,
              33.41925
            ],
            [
              -111.931827,
              33.419234
            ],
            [
              -111.931826,
              33.419222
            ]
          ]
        ]
      },
      "properties": {
        "BLDG_CODE": "ECC",
        "BLDG_NAME": "Engineering Center C",
        "Type": "Academic",
        "Image": null,
        "Shape__Area": 9.933614819601644e-08
      }
    },
    {
      "type": "Feature",
      "geometry": {
        "type": "Polygon",
        "coordinates": [
          [
            [
              -111.932526,
              33.41978
            ],
            [
              -111.932526,
              33.419763
            ],
            [
              -111.932496,
              33.419764
            ],
            [
              -111.932363,
              33.419764
            ],
            [
              -111.932362,
              33.419601
            ],
            [
              -111.93184,
              33.419605
            ],
            [
              -111.931839,
              33.419578
            ],
            [
              -111.931838,
              33.419535
            ],
            [
              -111.931837,
              33.419517
            ],
            [
              -111.932001,
              33.419516
            ],
            [
              -111.932,
              33.419495
            ],
            [
              -111.931837,
              33.419496
            ],
            [
              -111.931837,
              33.419486
            ],
            [
              -111.931837,
              33.41947
            ],
            [
              -111.931836,
              33.419447
            ],
            [
              -111.931836,
              33.419405
            ],
            [
              -111.931778,
              33.419406
            ],
            [
              -111.931777,
              33.419335
            ],
            [
              -111.931776,
              33.419261
            ],
            [
              -111.931775,
              33.419235
            ],
            [
              -111.931827,
              33.419234
            ],
            [
              -111.931827,
              33.41925
            ],
            [
              -111.932309,
              33.419246
            ],
            [
              -111.932307,
              33.419043
            ],
            [
              -111.931828,
              33.419046
            ],
            [
              -111.931828,
              33.419067
            ],
            [
              -111.931776,
              33.419068
            ],
            [
              -111.931776,
              33.419047
            ],
            [
              -111.931774,
              33.418888
            ],
            [
              -111.931824,
              33.418888
            ],
            [
              -111.931824,
              33.418921
            ],
            [
              -111.931868,
              33.41892
            ],
            [
              -111.931867,
              33.418888
            ],
            [
              -111.931894,
              33.418887
            ],
            [
              -111.932009,
              33.418886
            ],
            [
              -111.93216,
              33.418885
            ],
            [
              -111.932329,
              33.418884
            ],
            [
              -111.932329,
              33.418925
            ],
            [
              -111.932368,
              33.418924
            ],
            [
              -111.932367,
              33.418884
            ],
            [
              -111.932497,
              33.418883
            ],
            [
              -111.932625,
              33.418882
            ],
            [
              -111.932627,
              33.41906
            ],
            [
              -111.932563,
              33.41906
            ],
            [
              -111.932552,
              33.41906
            ],
            [
              -111.932524,
              33.41906
            ],
            [
              -111.932526,
              33.41923
            ],
            [
              -111.932553,
              33.419229
            ],
            [
              -111.932564,
              33.419229
            ],
            [
              -111.932628,
              33.419229
            ],
            [
              -111.93263,
              33.419411
            ],
            [
              -111.932566,
              33.419411
            ],
            [
              -111.932555,
              33.419411
            ],
            [
              -111.932528,
              33.419412
            ],
            [
              -111.93253,
              33.419577
            ],
            [
              -111.932557,
              33.419576
            ],
            [
              -111.932568,
              33.419576
            ],
            [
              -111.932617,
              33.419576
            ],
            [
              -111.932618,
              33.419598
            ],
            [
              -111.932632,
              33.419598
            ],
            [
              -111.932634,
              33.419779
            ],
            [
              -111.932526,
              33.41978
            ]
          ],
          [
            [
              -111.932185,
              33.419491
            ],
            [
              -111.932184,
              33.419445
            ],
            [
              -111.932086,
              33.419445
            ],
            [
              -111.932086,
              33.419492
            ],
            [
              -111.932185,
              33.419491
            ]
          ]
        ]
      },
      "properties": {
        "BLDG_CODE": "ECD",
        "BLDG_NAME": "Engineering Center D",
        "Type": "Academic",
        "Image": null,
        "Shape__Area": 4.935125161864562e-07
      }
    },
    {
      "type": "Feature",
      "geometry": {
        "type": "Polygon",
        "coordinates": [
          [
            [
              -111.932086,
              33.419445
            ],
            [
              -111.932184,
              33.419445
            ],
            [
              -111.932185,
              33.419491
            ],
            [
              -111.932086,
              33.419492
            ],
            [
              -111.932086,
              33.419445
            ]
          ]
        ]
      },
      "properties": {
        "BLDG_CODE": "ECE",
        "BLDG_NAME": "Engineering Center E",
        "Type": "Academic",
        "Image": null,
        "Shape__Area": 4.539288056548685e-09
      }
    },
    {
      "type": "Feature",
      "geometry": {
        "type": "Polygon",
        "coordinates": [
          [
            [
              -111.931772,
              33.419767
            ],
            [
              -111.931771,
              33.419689
            ],
            [
              -111.931782,
              33.419689
            ],
            [
              -111.931782,
              33.419659
            ],
            [
              -111.931781,
              33.419627
            ],
            [
              -111.931781,
              33.419606
            ],
            [
              -111.93184,
              33.419605
            ],
            [
              -111.932362,
              33.419601
            ],
            [
              -111.932363,
              33.419764
            ],
            [
              -111.932148,
              33.419766
            ],
            [
              -111.932041,
              33.419767
            ],
            [
              -111.931883,
              33.419768
            ],
            [
              -111.931883,
              33.419785
            ],
            [
              -111.931772,
              33.419786
            ],
            [
              -111.931772,
              33.419767
            ]
          ],
          [
            [
              -111.932148,
              33.419745
            ],
            [
              -111.932147,
              33.41971
            ],
            [
              -111.93204,
              33.419711
            ],
            [
              -111.932041,
              33.419746
            ],
            [
              -111.932148,
              33.419745
            ]
          ],
          [
            [
              -111.931851,
              33.419691
            ],
            [
              -111.931851,
              33.41967
            ],
            [
              -111.931799,
              33.41967
            ],
            [
              -111.931799,
              33.419691
            ],
            [
              -111.931851,
              33.419691
            ]
          ]
        ]
      },
      "properties": {
        "BLDG_CODE": "ECF",
        "BLDG_NAME": "Engineering Center F",
        "Type": "Academic",
        "Image": null,
        "Shape__Area": 9.246014087693766e-08
      }
    },
    {
      "type": "Feature",
      "geometry": {
        "type": "Polygon",
        "coordinates": [
          [
            [
              -111.93158,
              33.420128
            ],
            [
              -111.93158,
              33.420091
            ],
            [
              -111.931579,
              33.419986
            ],
            [
              -111.931597,
              33.419986
            ],
            [
              -111.931612,
              33.419986
            ],
            [
              -111.931742,
              33.419985
            ],
            [
              -111.931756,
              33.419985
            ],
            [
              -111.932315,
              33.419981
            ],
            [
              -111.932465,
              33.41998
            ],
            [
              -111.932595,
              33.419979
            ],
            [
              -111.932598,
              33.420178
            ],
            [
              -111.931581,
              33.420186
            ],
            [
              -111.93158,
              33.420128
            ]
          ],
          [
            [
              -111.932304,
              33.420125
            ],
            [
              -111.932304,
              33.420092
            ],
            [
              -111.932418,
              33.420091
            ],
            [
              -111.932418,
              33.420124
            ],
            [
              -111.932459,
              33.420124
            ],
            [
              -111.932458,
              33.420033
            ],
            [
              -111.932218,
              33.420035
            ],
            [
              -111.932219,
              33.420125
            ],
            [
              -111.932304,
              33.420125
            ]
          ],
          [
            [
              -111.931861,
              33.4201
            ],
            [
              -111.931861,
              33.420042
            ],
            [
              -111.93172,
              33.420043
            ],
            [
              -111.931721,
              33.420101
            ],
            [
              -111.931861,
              33.4201
            ]
          ]
        ]
      },
      "properties": {
        "BLDG_CODE": "ECG",
        "BLDG_NAME": "Engineering Center G",
        "Type": "Academic",
        "Image": null,
        "Shape__Area": 1.7640513760852627e-07
      }
    },
    {
      "type": "Feature",
      "geometry": {
        "type": "Polygon",
        "coordinates": [
          [
            [
              -111.936916,
              33.417861
            ],
            [
              -111.937561,
              33.417856
            ],
            [
              -111.937561,
              33.417871
            ],
            [
              -111.937563,
              33.418027
            ],
            [
              -111.937563,
              33.418075
            ],
            [
              -111.937565,
              33.418245
            ],
            [
              -111.937286,
              33.418247
            ],
            [
              -111.937266,
              33.418247
            ],
            [
              -111.937213,
              33.418248
            ],
            [
              -111.93692,
              33.41825
            ],
            [
              -111.936899,
              33.41825
            ],
            [
              -111.936895,
              33.417861
            ],
            [
              -111.936916,
              33.417861
            ]
          ]
        ]
      },
      "properties": {
        "BLDG_CODE": "ED",
        "BLDG_NAME": "Farmer Education Bldg.",
        "Type": "Academic",
        "Image": null,
        "Shape__Area": 2.5900089895003475e-07
      }
    },
    {
      "type": "Feature",
      "geometry": {
        "type": "Polygon",
        "coordinates": [
          [
            [
              -111.937205,
              33.418941
            ],
            [
              -111.937204,
              33.4189
            ],
            [
              -111.937235,
              33.4189
            ],
            [
              -111.937234,
              33.418825
            ],
            [
              -111.937203,
              33.418825
            ],
            [
              -111.937202,
              33.418825
            ],
            [
              -111.937201,
              33.418747
            ],
            [
              -111.93722,
              33.418747
            ],
            [
              -111.937224,
              33.418747
            ],
            [
              -111.937271,
              33.418747
            ],
            [
              -111.937283,
              33.418746
            ],
            [
              -111.937287,
              33.419009
            ],
            [
              -111.937205,
              33.41901
            ],
            [
              -111.937205,
              33.418941
            ]
          ]
        ]
      },
      "properties": {
        "BLDG_CODE": "EDB",
        "BLDG_NAME": "Payne Hall",
        "Type": "Academic",
        "Image": null,
        "Shape__Area": 1.9051185518037528e-08
      }
    },
    {
      "type": "Feature",
      "geometry": {
        "type": "Polygon",
        "coordinates": [
          [
            [
              -111.937723,
              33.417799
            ],
            [
              -111.937972,
              33.417797
            ],
            [
              -111.937974,
              33.418014
            ],
            [
              -111.937905,
              33.418014
            ],
            [
              -111.937771,
              33.418015
            ],
            [
              -111.937725,
              33.418016
            ],
            [
              -111.937723,
              33.417799
            ]
          ]
        ]
      },
      "properties": {
        "BLDG_CODE": "EDC",
        "BLDG_NAME": "Education Lecture Hall",
        "Type": "Academic",
        "Image": null,
        "Shape__Area": 5.3969642976881005e-08
      }
    },
    {
      "type": "Feature",
      "geometry": {
        "type": "Polygon",
        "coordinates": [
          [
            [
              -111.931386,
              33.420181
            ],
            [
              -111.931386,
              33.420118
            ],
            [
              -111.931341,
              33.420118
            ],
            [
              -111.93134,
              33.420097
            ],
            [
              -111.931266,
              33.420098
            ],
            [
              -111.931194,
              33.420099
            ],
            [
              -111.931191,
              33.41982
            ],
            [
              -111.931166,
              33.41982
            ],
            [
              -111.931165,
              33.41968
            ],
            [
              -111.93119,
              33.41968
            ],
            [
              -111.931188,
              33.419491
            ],
            [
              -111.931187,
              33.41944
            ],
            [
              -111.93137,
              33.419439
            ],
            [
              -111.9314,
              33.419438
            ],
            [
              -111.931401,
              33.41949
            ],
            [
              -111.931461,
              33.419489
            ],
            [
              -111.931464,
              33.419752
            ],
            [
              -111.931464,
              33.419777
            ],
            [
              -111.931492,
              33.419777
            ],
            [
              -111.931493,
              33.419833
            ],
            [
              -111.931465,
              33.419833
            ],
            [
              -111.931468,
              33.420092
            ],
            [
              -111.931468,
              33.420096
            ],
            [
              -111.931404,
              33.420097
            ],
            [
              -111.931404,
              33.420129
            ],
            [
              -111.931405,
              33.420181
            ],
            [
              -111.931396,
              33.420181
            ],
            [
              -111.931386,
              33.420181
            ]
          ],
          [
            [
              -111.931347,
              33.420065
            ],
            [
              -111.931346,
              33.419965
            ],
            [
              -111.931226,
              33.419965
            ],
            [
              -111.931227,
              33.420066
            ],
            [
              -111.931347,
              33.420065
            ]
          ]
        ]
      },
      "properties": {
        "BLDG_CODE": "ENGRC",
        "BLDG_NAME": "Engineering Research Center",
        "Type": "Research",
        "Image": null,
        "Shape__Area": 1.7234378901775926e-07
      }
    },
    {
      "type": "Feature",
      "geometry": {
        "type": "Polygon",
        "coordinates": [
          [
            [
              -111.938202,
              33.418778
            ],
            [
              -111.938202,
              33.418769
            ],
            [
              -111.938201,
              33.418755
            ],
            [
              -111.9382,
              33.418649
            ],
            [
              -111.9382,
              33.418595
            ],
            [
              -111.938396,
              33.418594
            ],
            [
              -111.938397,
              33.418643
            ],
            [
              -111.938398,
              33.418755
            ],
            [
              -111.938398,
              33.418763
            ],
            [
              -111.938398,
              33.418772
            ],
            [
              -111.938396,
              33.418816
            ],
            [
              -111.938202,
              33.418819
            ],
            [
              -111.938202,
              33.418778
            ]
          ]
        ]
      },
      "properties": {
        "BLDG_CODE": "FAC",
        "BLDG_NAME": "Nelson Fine Arts Center",
        "Type": "Academic",
        "Image": null,
        "Shape__Area": 4.3787167669506744e-08
      }
    },
    {
      "type": "Feature",
      "geometry": {
        "type": "Polygon",
        "coordinates": [
          [
            [
              -111.922581,
              33.426916
            ],
            [
              -111.922581,
              33.426892
            ],
            [
              -111.922461,
              33.426893
            ],
            [
              -111.92246,
              33.426782
            ],
            [
              -111.923106,
              33.426777
            ],
            [
              -111.923108,
              33.426888
            ],
            [
              -111.922919,
              33.42689
            ],
            [
              -111.92292,
              33.426914
            ],
            [
              -111.922581,
              33.426916
            ]
          ]
        ]
      },
      "properties": {
        "BLDG_CODE": "FMMEY",
        "BLDG_NAME": "Fm Materials And Equipment Yard",
        "Type": "Academic",
        "Image": null,
        "Shape__Area": 8.03070179244969e-08
      }
    },
    {
      "type": "Feature",
      "geometry": {
        "type": "Polygon",
        "coordinates": [
          [
            [
              -111.934394,
              33.422308
            ],
            [
              -111.934393,
              33.422224
            ],
            [
              -111.934498,
              33.422223
            ],
            [
              -111.934499,
              33.422307
            ],
            [
              -111.934394,
              33.422308
            ]
          ]
        ]
      },
      "properties": {
        "BLDG_CODE": "FULTN",
        "BLDG_NAME": "Fulton Center",
        "Type": "Academic",
        "Image": null,
        "Shape__Area": 8.823690222925507e-09
      }
    },
    {
      "type": "Feature",
      "geometry": {
        "type": "Polygon",
        "coordinates": [
          [
            [
              -111.937682,
              33.416318
            ],
            [
              -111.937782,
              33.416234
            ],
            [
              -111.938035,
              33.416447
            ],
            [
              -111.937935,
              33.416531
            ],
            [
              -111.937858,
              33.416466
            ],
            [
              -111.937858,
              33.416445
            ],
            [
              -111.937786,
              33.416385
            ],
            [
              -111.937762,
              33.416385
            ],
            [
              -111.937751,
              33.416376
            ],
            [
              -111.937682,
              33.416318
            ]
          ]
        ]
      },
      "properties": {
        "BLDG_CODE": "GGMA",
        "BLDG_NAME": "Grady Gammage Memorial Auditorium",
        "Type": "Fine Art",
        "Image": null,
        "Shape__Area": 4.064804670633748e-08
      }
    },
    {
      "type": "Feature",
      "geometry": {
        "type": "Polygon",
        "coordinates": [
          [
            [
              -111.935891,
              33.419034
            ],
            [
              -111.93593,
              33.419034
            ],
            [
              -111.935931,
              33.419153
            ],
            [
              -111.935893,
              33.419153
            ],
            [
              -111.935891,
              33.419034
            ]
          ]
        ]
      },
      "properties": {
        "BLDG_CODE": "GHALL",
        "BLDG_NAME": "Dixie Gammage Hall",
        "Type": "Fine Art",
        "Image": null,
        "Shape__Area": 4.5840806706110016e-09
      }
    },
    {
      "type": "Feature",
      "geometry": {
        "type": "Polygon",
        "coordinates": [
          [
            [
              -111.925258,
              33.418483
            ],
            [
              -111.925261,
              33.418787
            ],
            [
              -111.925185,
              33.418787
            ],
            [
              -111.925086,
              33.418788
            ],
            [
              -111.925084,
              33.418668
            ],
            [
              -111.92514,
              33.418667
            ],
            [
              -111.92514,
              33.418575
            ],
            [
              -111.925099,
              33.418575
            ],
            [
              -111.925098,
              33.418484
            ],
            [
              -111.925258,
              33.418483
            ]
          ]
        ]
      },
      "properties": {
        "BLDG_CODE": "GLVA",
        "BLDG_NAME": "Greek Leadership Village - Bldg A",
        "Type": "Academic",
        "Image": null,
        "Shape__Area": 4.6770765038672835e-08
      }
    },
    {
      "type": "Feature",
      "geometry": {
        "type": "Polygon",
        "coordinates": [
          [
            [
              -111.925384,
              33.418421
            ],
            [
              -111.925045,
              33.418423
            ],
            [
              -111.925044,
              33.418311
            ],
            [
              -111.925079,
              33.418311
            ],
            [
              -111.925078,
              33.418252
            ],
            [
              -111.925058,
              33.418253
            ],
            [
              -111.925056,
              33.418127
            ],
            [
              -111.925091,
              33.418126
            ],
            [
              -111.925091,
              33.418109
            ],
            [
              -111.925115,
              33.418109
            ],
            [
              -111.925113,
              33.417968
            ],
            [
              -111.925306,
              33.417966
            ],
            [
              -111.925307,
              33.418089
            ],
            [
              -111.925353,
              33.418089
            ],
            [
              -111.925354,
              33.418207
            ],
            [
              -111.925378,
              33.418207
            ],
            [
              -111.925379,
              33.418303
            ],
            [
              -111.925383,
              33.418303
            ],
            [
              -111.925384,
              33.418421
            ]
          ]
        ]
      },
      "properties": {
        "BLDG_CODE": "GLVB",
        "BLDG_NAME": "Greek Leadership Village - Bldg B",
        "Type": "Academic",
        "Image": null,
        "Shape__Area": 1.265889295609668e-07
      }
    },
    {
      "type": "Feature",
      "geometry": {
        "type": "Polygon",
        "coordinates": [
          [
            [
              -111.925819,
              33.418517
            ],
            [
              -111.925816,
              33.418218
            ],
            [
              -111.925904,
              33.418217
            ],
            [
              -111.925968,
              33.418217
            ],
            [
              -111.925969,
              33.418324
            ],
            [
              -111.925931,
              33.418324
            ],
            [
              -111.925932,
              33.418437
            ],
            [
              -111.92597,
              33.418436
            ],
            [
              -111.925971,
              33.418516
            ],
            [
              -111.925819,
              33.418517
            ]
          ]
        ]
      },
      "properties": {
        "BLDG_CODE": "GLVC",
        "BLDG_NAME": "Greek Leadership Village - Bldg C",
        "Type": "Academic",
        "Image": null,
        "Shape__Area": 4.124808583583217e-08
      }
    },
    {
      "type": "Feature",
      "geometry": {
        "type": "Polygon",
        "coordinates": [
          [
            [
              -111.925821,
              33.419514
            ],
            [
              -111.92582,
              33.419469
            ],
            [
              -111.925675,
              33.41947
            ],
            [
              -111.925674,
              33.419404
            ],
            [
              -111.925824,
              33.419403
            ],
            [
              -111.925823,
              33.419354
            ],
            [
              -111.926007,
              33.419353
            ],
            [
              -111.926011,
              33.419359
            ],
            [
              -111.926015,
              33.419366
            ],
            [
              -111.926016,
              33.419372
            ],
            [
              -111.926017,
              33.41938
            ],
            [
              -111.926016,
              33.419387
            ],
            [
              -111.926014,
              33.419394
            ],
            [
              -111.926011,
              33.4194
            ],
            [
              -111.926006,
              33.419406
            ],
            [
              -111.926,
              33.419411
            ],
            [
              -111.925994,
              33.419416
            ],
            [
              -111.92598,
              33.419421
            ],
            [
              -111.925981,
              33.419513
            ],
            [
              -111.925821,
              33.419514
            ]
          ]
        ]
      },
      "properties": {
        "BLDG_CODE": "GLVCC",
        "BLDG_NAME": "Glv Community Center",
        "Type": "Academic",
        "Image": null,
        "Shape__Area": 3.712057150551118e-08
      }
    },
    {
      "type": "Feature",
      "geometry": {
        "type": "Polygon",
        "coordinates": [
          [
            [
              -111.925816,
              33.418144
            ],
            [
              -111.925816,
              33.418202
            ],
            [
              -111.925704,
              33.418203
            ],
            [
              -111.925704,
              33.418212
            ],
            [
              -111.92557,
              33.418213
            ],
            [
              -111.92557,
              33.418193
            ],
            [
              -111.925456,
              33.418194
            ],
            [
              -111.925455,
              33.418085
            ],
            [
              -111.925567,
              33.418084
            ],
            [
              -111.925567,
              33.418114
            ],
            [
              -111.92567,
              33.418113
            ],
            [
              -111.92567,
              33.41807
            ],
            [
              -111.925816,
              33.418069
            ],
            [
              -111.925816,
              33.418144
            ]
          ]
        ]
      },
      "properties": {
        "BLDG_CODE": "GLVD",
        "BLDG_NAME": "Greek Leadership Village - Bldg D",
        "Type": "Academic",
        "Image": null,
        "Shape__Area": 4.21507593273418e-08
      }
    },
    {
      "type": "Feature",
      "geometry": {
        "type": "Polygon",
        "coordinates": [
          [
            [
              -111.925916,
              33.428097
            ],
            [
              -111.925817,
              33.428071
            ],
            [
              -111.925863,
              33.427949
            ],
            [
              -111.925962,
              33.427975
            ],
            [
              -111.925916,
              33.428097
            ]
          ]
        ]
      },
      "properties": {
        "BLDG_CODE": "GPC",
        "BLDG_NAME": "Golf Performance Center",
        "Type": "Academic",
        "Image": null,
        "Shape__Area": 1.3266799214761704e-08
      }
    },
    {
      "type": "Feature",
      "geometry": {
        "type": "Polygon",
        "coordinates": [
          [
            [
              -111.930558,
              33.421175
            ],
            [
              -111.930557,
              33.421121
            ],
            [
              -111.930375,
              33.421123
            ],
            [
              -111.930344,
              33.421043
            ],
            [
              -111.93032,
              33.420961
            ],
            [
              -111.930305,
              33.420877
            ],
            [
              -111.930322,
              33.420877
            ],
            [
              -111.930321,
              33.420814
            ],
            [
              -111.93032,
              33.420773
            ],
            [
              -111.930319,
              33.420712
            ],
            [
              -111.9303,
              33.420713
            ],
            [
              -111.930308,
              33.420642
            ],
            [
              -111.930321,
              33.420571
            ],
            [
              -111.930341,
              33.420502
            ],
            [
              -111.930366,
              33.420434
            ],
            [
              -111.930548,
              33.420432
            ],
            [
              -111.930547,
              33.420412
            ],
            [
              -111.930627,
              33.420412
            ],
            [
              -111.930632,
              33.42077
            ],
            [
              -111.930593,
              33.42077
            ],
            [
              -111.930594,
              33.420815
            ],
            [
              -111.930633,
              33.420815
            ],
            [
              -111.930637,
              33.421175
            ],
            [
              -111.930558,
              33.421175
            ]
          ]
        ]
      },
      "properties": {
        "BLDG_CODE": "GWC",
        "BLDG_NAME": "Goldwater Center For Science & Engineering",
        "Type": "Academic",
        "Image": null,
        "Shape__Area": 2.1398614080681e-07
      }
    },
    {
      "type": "Feature",
      "geometry": {
        "type": "Polygon",
        "coordinates": [
          [
            [
              -111.935366,
              33.414955
            ],
            [
              -111.936125,
              33.414949
            ],
            [
              -111.936126,
              33.415032
            ],
            [
              -111.935824,
              33.415034
            ],
            [
              -111.935656,
              33.415035
            ],
            [
              -111.935367,
              33.415037
            ],
            [
              -111.935366,
              33.414955
            ]
          ]
        ]
      },
      "properties": {
        "BLDG_CODE": "HAYDN",
        "BLDG_NAME": "Hayden Hall",
        "Type": "Housing",
        "Image": null,
        "Shape__Area": 6.290360943239648e-08
      }
    },
    {
      "type": "Feature",
      "geometry": {
        "type": "Polygon",
        "coordinates": [
          [
            [
              -111.936907,
              33.423345
            ],
            [
              -111.93691,
              33.423676
            ],
            [
              -111.936804,
              33.423677
            ],
            [
              -111.9368,
              33.423346
            ],
            [
              -111.936907,
              33.423345
            ]
          ]
        ]
      },
      "properties": {
        "BLDG_CODE": "HBH",
        "BLDG_NAME": "Harrington-birchett House",
        "Type": "Academic",
        "Image": null,
        "Shape__Area": 3.529589776007924e-08
      }
    },
    {
      "type": "Feature",
      "geometry": {
        "type": "Polygon",
        "coordinates": [
          [
            [
              -111.932117,
              33.421016
            ],
            [
              -111.932069,
              33.421016
            ],
            [
              -111.932069,
              33.420986
            ],
            [
              -111.932117,
              33.420986
            ],
            [
              -111.932117,
              33.421016
            ]
          ]
        ]
      },
      "properties": {
        "BLDG_CODE": "HELM",
        "BLDG_NAME": "Helium Recovery Shed - Adj 57b&c",
        "Type": "Academic",
        "Image": null,
        "Shape__Area": 1.462922227801755e-09
      }
    },
    {
      "type": "Feature",
      "geometry": {
        "type": "Polygon",
        "coordinates": [
          [
            [
              -111.935077,
              33.415404
            ],
            [
              -111.935073,
              33.415044
            ],
            [
              -111.935123,
              33.415044
            ],
            [
              -111.935123,
              33.415069
            ],
            [
              -111.935244,
              33.415068
            ],
            [
              -111.935245,
              33.415195
            ],
            [
              -111.935391,
              33.415194
            ],
            [
              -111.93539,
              33.415182
            ],
            [
              -111.935476,
              33.415182
            ],
            [
              -111.935476,
              33.415196
            ],
            [
              -111.935673,
              33.415195
            ],
            [
              -111.935674,
              33.415261
            ],
            [
              -111.935172,
              33.415265
            ],
            [
              -111.935173,
              33.415403
            ],
            [
              -111.935077,
              33.415404
            ]
          ]
        ]
      },
      "properties": {
        "BLDG_CODE": "HHE",
        "BLDG_NAME": "Hayden Hall East",
        "Type": "Housing",
        "Image": null,
        "Shape__Area": 7.79118636273779e-08
      }
    },
    {
      "type": "Feature",
      "geometry": {
        "type": "Polygon",
        "coordinates": [
          [
            [
              -111.936077,
              33.41519
            ],
            [
              -111.936077,
              33.41517
            ],
            [
              -111.936014,
              33.415171
            ],
            [
              -111.936013,
              33.415106
            ],
            [
              -111.936101,
              33.415105
            ],
            [
              -111.936102,
              33.415191
            ],
            [
              -111.936077,
              33.41519
            ]
          ]
        ]
      },
      "properties": {
        "BLDG_CODE": "HHW",
        "BLDG_NAME": "Hayden Hall West",
        "Type": "Academic",
        "Image": null,
        "Shape__Area": 6.1909304349683225e-09
      }
    },
    {
      "type": "Feature",
      "geometry": {
        "type": "Polygon",
        "coordinates": [
          [
            [
              -111.925783,
              33.427059
            ],
            [
              -111.925776,
              33.427012
            ],
            [
              -111.925723,
              33.427018
            ],
            [
              -111.92571,
              33.426936
            ],
            [
              -111.925763,
              33.42693
            ],
            [
              -111.925757,
              33.426892
            ],
            [
              -111.925854,
              33.426881
            ],
            [
              -111.925862,
              33.426936
            ],
            [
              -111.925948,
              33.426927
            ],
            [
              -111.925973,
              33.42695
            ],
            [
              -111.925957,
              33.426986
            ],
            [
              -111.925867,
              33.426995
            ],
            [
              -111.925875,
              33.427049
            ],
            [
              -111.925783,
              33.427059
            ]
          ]
        ]
      },
      "properties": {
        "BLDG_CODE": "HOBBS",
        "BLDG_NAME": "Hobbs House",
        "Type": "Academic",
        "Image": null,
        "Shape__Area": 2.6360339688835666e-08
      }
    },
    {
      "type": "Feature",
      "geometry": {
        "type": "Polygon",
        "coordinates": [
          [
            [
              -111.927294,
              33.415775
            ],
            [
              -111.927294,
              33.415747
            ],
            [
              -111.927348,
              33.415744
            ],
            [
              -111.927452,
              33.415728
            ],
            [
              -111.927467,
              33.415735
            ],
            [
              -111.92747,
              33.415751
            ],
            [
              -111.927746,
              33.415712
            ],
            [
              -111.927746,
              33.415672
            ],
            [
              -111.927805,
              33.415671
            ],
            [
              -111.927806,
              33.415687
            ],
            [
              -111.927822,
              33.415687
            ],
            [
              -111.92782,
              33.415474
            ],
            [
              -111.927881,
              33.415474
            ],
            [
              -111.927881,
              33.415482
            ],
            [
              -111.927937,
              33.415482
            ],
            [
              -111.92794,
              33.415769
            ],
            [
              -111.927941,
              33.415823
            ],
            [
              -111.927941,
              33.415833
            ],
            [
              -111.927892,
              33.415833
            ],
            [
              -111.92773,
              33.415835
            ],
            [
              -111.92773,
              33.415785
            ],
            [
              -111.927604,
              33.415786
            ],
            [
              -111.927605,
              33.415836
            ],
            [
              -111.927347,
              33.415838
            ],
            [
              -111.927347,
              33.415849
            ],
            [
              -111.927295,
              33.41585
            ],
            [
              -111.927294,
              33.415775
            ]
          ]
        ]
      },
      "properties": {
        "BLDG_CODE": "HONHAL",
        "BLDG_NAME": "Barrett College Honors Hall",
        "Type": "Housing",
        "Image": null,
        "Shape__Area": 9.444829629501328e-08
      }
    },
    {
      "type": "Feature",
      "geometry": {
        "type": "Polygon",
        "coordinates": [
          [
            [
              -111.93293,
              33.421365
            ],
            [
              -111.93293,
              33.421324
            ],
            [
              -111.932961,
              33.421324
            ],
            [
              -111.932961,
              33.421303
            ],
            [
              -111.933187,
              33.421301
            ],
            [
              -111.933189,
              33.421436
            ],
            [
              -111.932931,
              33.421438
            ],
            [
              -111.93293,
              33.421365
            ]
          ]
        ]
      },
      "properties": {
        "BLDG_CODE": "HSB",
        "BLDG_NAME": "Health Service",
        "Type": "Academic",
        "Image": null,
        "Shape__Area": 3.407672011235263e-08
      }
    },
    {
      "type": "Feature",
      "geometry": {
        "type": "Polygon",
        "coordinates": [
          [
            [
              -111.935491,
              33.417922
            ],
            [
              -111.935491,
              33.417902
            ],
            [
              -111.935367,
              33.417903
            ],
            [
              -111.935362,
              33.417375
            ],
            [
              -111.935411,
              33.417375
            ],
            [
              -111.935411,
              33.417331
            ],
            [
              -111.935573,
              33.41733
            ],
            [
              -111.935573,
              33.417374
            ],
            [
              -111.935606,
              33.417373
            ],
            [
              -111.935611,
              33.41785
            ],
            [
              -111.935636,
              33.41785
            ],
            [
              -111.935637,
              33.417921
            ],
            [
              -111.935491,
              33.417922
            ]
          ]
        ]
      },
      "properties": {
        "BLDG_CODE": "INTDSA",
        "BLDG_NAME": "Interdisciplinary A",
        "Type": "Academic",
        "Image": null,
        "Shape__Area": 1.4027727957000025e-07
      }
    },
    {
      "type": "Feature",
      "geometry": {
        "type": "Polygon",
        "coordinates": [
          [
            [
              -111.935154,
              33.417228
            ],
            [
              -111.935184,
              33.417228
            ],
            [
              -111.935185,
              33.417268
            ],
            [
              -111.935155,
              33.417268
            ],
            [
              -111.935154,
              33.417228
            ]
          ]
        ]
      },
      "properties": {
        "BLDG_CODE": "INTDSA",
        "BLDG_NAME": "Interdisciplinary A Outdoor Room",
        "Type": "Academic",
        "Image": null,
        "Shape__Area": 1.2075815902790055e-09
      }
    },
    {
      "type": "Feature",
      "geometry": {
        "type": "Polygon",
        "coordinates": [
          [
            [
              -111.935185,
              33.417268
            ],
            [
              -111.935184,
              33.417228
            ],
            [
              -111.935154,
              33.417228
            ],
            [
              -111.935154,
              33.417183
            ],
            [
              -111.935184,
              33.417183
            ],
            [
              -111.935187,
              33.417183
            ],
            [
              -111.935187,
              33.417121
            ],
            [
              -111.935208,
              33.417121
            ],
            [
              -111.936037,
              33.417114
            ],
            [
              -111.93604,
              33.417326
            ],
            [
              -111.935573,
              33.41733
            ],
            [
              -111.935411,
              33.417331
            ],
            [
              -111.93521,
              33.417333
            ],
            [
              -111.935185,
              33.417333
            ],
            [
              -111.935185,
              33.417268
            ]
          ]
        ]
      },
      "properties": {
        "BLDG_CODE": "INTDSB",
        "BLDG_NAME": "Interdisciplinary B",
        "Type": "Academic",
        "Image": null,
        "Shape__Area": 1.8210494090453722e-07
      }
    },
    {
      "type": "Feature",
      "geometry": {
        "type": "Polygon",
        "coordinates": [
          [
            [
              -111.935397,
              33.416025
            ],
            [
              -111.935395,
              33.415832
            ],
            [
              -111.935716,
              33.415829
            ],
            [
              -111.935718,
              33.416023
            ],
            [
              -111.935397,
              33.416025
            ]
          ],
          [
            [
              -111.935657,
              33.415966
            ],
            [
              -111.935656,
              33.415876
            ],
            [
              -111.935456,
              33.415877
            ],
            [
              -111.935456,
              33.415967
            ],
            [
              -111.935657,
              33.415966
            ]
          ]
        ]
      },
      "properties": {
        "BLDG_CODE": "IRISH",
        "BLDG_NAME": "Irish Hall B (northwest)",
        "Type": "Housing",
        "Image": null,
        "Shape__Area": 4.4103217078372836e-08
      }
    },
    {
      "type": "Feature",
      "geometry": {
        "type": "Polygon",
        "coordinates": [
          [
            [
              -111.935386,
              33.415532
            ],
            [
              -111.935384,
              33.415341
            ],
            [
              -111.935708,
              33.415339
            ],
            [
              -111.93571,
              33.41553
            ],
            [
              -111.935386,
              33.415532
            ]
          ],
          [
            [
              -111.935663,
              33.415489
            ],
            [
              -111.935662,
              33.415383
            ],
            [
              -111.935442,
              33.415385
            ],
            [
              -111.935443,
              33.415491
            ],
            [
              -111.935663,
              33.415489
            ]
          ]
        ]
      },
      "properties": {
        "BLDG_CODE": "IRISH",
        "BLDG_NAME": "Irish Hall C (southwest)",
        "Type": "Housing",
        "Image": null,
        "Shape__Area": 3.8662392398691736e-08
      }
    },
    {
      "type": "Feature",
      "geometry": {
        "type": "Polygon",
        "coordinates": [
          [
            [
              -111.935309,
              33.415911
            ],
            [
              -111.935177,
              33.415912
            ],
            [
              -111.935172,
              33.415445
            ],
            [
              -111.935304,
              33.415444
            ],
            [
              -111.935309,
              33.415911
            ]
          ]
        ]
      },
      "properties": {
        "BLDG_CODE": "IRISH",
        "BLDG_NAME": "Irish Hall A (academic Offices)",
        "Type": "Housing",
        "Image": null,
        "Shape__Area": 6.138134267530404e-08
      }
    },
    {
      "type": "Feature",
      "geometry": {
        "type": "Polygon",
        "coordinates": [
          [
            [
              -111.931449,
              33.41846
            ],
            [
              -111.931573,
              33.418459
            ],
            [
              -111.931574,
              33.418532
            ],
            [
              -111.93145,
              33.418533
            ],
            [
              -111.93142,
              33.418533
            ],
            [
              -111.931426,
              33.419054
            ],
            [
              -111.931427,
              33.419107
            ],
            [
              -111.931411,
              33.419107
            ],
            [
              -111.93141,
              33.419054
            ],
            [
              -111.931404,
              33.41846
            ],
            [
              -111.93142,
              33.41846
            ],
            [
              -111.931449,
              33.41846
            ]
          ]
        ]
      },
      "properties": {
        "BLDG_CODE": "ISTB1",
        "BLDG_NAME": "Interdisciplinary Science And Technology Building I",
        "Type": "Research",
        "Image": null,
        "Shape__Area": 2.1288997231749818e-08
      }
    },
    {
      "type": "Feature",
      "geometry": {
        "type": "Polygon",
        "coordinates": [
          [
            [
              -111.929161,
              33.421056
            ],
            [
              -111.929161,
              33.421032
            ],
            [
              -111.929189,
              33.421031
            ],
            [
              -111.929189,
              33.420995
            ],
            [
              -111.929976,
              33.420989
            ],
            [
              -111.929977,
              33.421031
            ],
            [
              -111.930001,
              33.421031
            ],
            [
              -111.930001,
              33.42105
            ],
            [
              -111.929974,
              33.42105
            ],
            [
              -111.929974,
              33.421064
            ],
            [
              -111.929189,
              33.421069
            ],
            [
              -111.929189,
              33.421056
            ],
            [
              -111.929161,
              33.421056
            ]
          ]
        ]
      },
      "properties": {
        "BLDG_CODE": "ISTB2",
        "BLDG_NAME": "Interdisciplinary Science And Technology Building II",
        "Type": "Research",
        "Image": null,
        "Shape__Area": 6.009872777212877e-08
      }
    },
    {
      "type": "Feature",
      "geometry": {
        "type": "Polygon",
        "coordinates": [
          [
            [
              -111.928193,
              33.418331
            ],
            [
              -111.928193,
              33.41827
            ],
            [
              -111.92825,
              33.418269
            ],
            [
              -111.92825,
              33.418222
            ],
            [
              -111.928315,
              33.418222
            ],
            [
              -111.928315,
              33.418124
            ],
            [
              -111.928252,
              33.418124
            ],
            [
              -111.928252,
              33.418006
            ],
            [
              -111.928447,
              33.418006
            ],
            [
              -111.928521,
              33.418006
            ],
            [
              -111.928521,
              33.417934
            ],
            [
              -111.928655,
              33.417935
            ],
            [
              -111.928656,
              33.418234
            ],
            [
              -111.928656,
              33.418322
            ],
            [
              -111.928278,
              33.418322
            ],
            [
              -111.928278,
              33.418313
            ],
            [
              -111.92825,
              33.418313
            ],
            [
              -111.92825,
              33.418331
            ],
            [
              -111.928193,
              33.418331
            ]
          ],
          [
            [
              -111.928309,
              33.418024
            ],
            [
              -111.928278,
              33.418024
            ],
            [
              -111.928278,
              33.41805
            ],
            [
              -111.928263,
              33.418051
            ],
            [
              -111.928263,
              33.418106
            ],
            [
              -111.928319,
              33.418106
            ],
            [
              -111.928319,
              33.41805
            ],
            [
              -111.928309,
              33.41805
            ],
            [
              -111.928309,
              33.418024
            ]
          ]
        ]
      },
      "properties": {
        "BLDG_CODE": "ISTB4",
        "BLDG_NAME": "Interdisciplinary Science And Technology Building 4",
        "Type": "Research",
        "Image": null,
        "Shape__Area": 1.306366357312072e-07
      }
    },
    {
      "type": "Feature",
      "geometry": {
        "type": "Polygon",
        "coordinates": [
          [
            [
              -111.930893,
              33.420668
            ],
            [
              -111.930919,
              33.420665
            ],
            [
              -111.930919,
              33.420707
            ],
            [
              -111.93092,
              33.420743
            ],
            [
              -111.930961,
              33.420743
            ],
            [
              -111.931006,
              33.420743
            ],
            [
              -111.931006,
              33.420764
            ],
            [
              -111.931007,
              33.420785
            ],
            [
              -111.931048,
              33.420785
            ],
            [
              -111.931049,
              33.420926
            ],
            [
              -111.931025,
              33.420926
            ],
            [
              -111.931025,
              33.420946
            ],
            [
              -111.930992,
              33.420972
            ],
            [
              -111.930975,
              33.420972
            ],
            [
              -111.930976,
              33.421043
            ],
            [
              -111.930933,
              33.421043
            ],
            [
              -111.930933,
              33.421073
            ],
            [
              -111.930933,
              33.421099
            ],
            [
              -111.930853,
              33.4211
            ],
            [
              -111.930855,
              33.421111
            ],
            [
              -111.930814,
              33.421116
            ],
            [
              -111.930798,
              33.421118
            ],
            [
              -111.930787,
              33.421052
            ],
            [
              -111.930803,
              33.42105
            ],
            [
              -111.930791,
              33.420983
            ],
            [
              -111.930832,
              33.420978
            ],
            [
              -111.930832,
              33.420933
            ],
            [
              -111.930812,
              33.420936
            ],
            [
              -111.9308,
              33.420937
            ],
            [
              -111.930788,
              33.420871
            ],
            [
              -111.9308,
              33.42087
            ],
            [
              -111.930786,
              33.420788
            ],
            [
              -111.93083,
              33.420783
            ],
            [
              -111.93083,
              33.420765
            ],
            [
              -111.93083,
              33.420749
            ],
            [
              -111.930797,
              33.420753
            ],
            [
              -111.930785,
              33.420681
            ],
            [
              -111.930842,
              33.420674
            ],
            [
              -111.930893,
              33.420668
            ]
          ]
        ]
      },
      "properties": {
        "BLDG_CODE": "ISTB5",
        "BLDG_NAME": "Interdisciplinary Science And Technology Building V",
        "Type": "Research",
        "Image": null,
        "Shape__Area": 8.284246177936438e-08
      }
    },
    {
      "type": "Feature",
      "geometry": {
        "type": "Polygon",
        "coordinates": [
          [
            [
              -111.926788,
              33.421487
            ],
            [
              -111.926729,
              33.421488
            ],
            [
              -111.926728,
              33.421451
            ],
            [
              -111.926787,
              33.421451
            ],
            [
              -111.926788,
              33.421487
            ]
          ]
        ]
      },
      "properties": {
        "BLDG_CODE": "ISTB7",
        "BLDG_NAME": "Interdisciplinary Science And Technology Building 7",
        "Type": "Research",
        "Image": null,
        "Shape__Area": 2.14777173823677e-09
      }
    },
    {
      "type": "Feature",
      "geometry": {
        "type": "Polygon",
        "coordinates": [
          [
            [
              -111.926636,
              33.415356
            ],
            [
              -111.926681,
              33.415356
            ],
            [
              -111.926681,
              33.415414
            ],
            [
              -111.926608,
              33.415414
            ],
            [
              -111.926607,
              33.415357
            ],
            [
              -111.926636,
              33.415356
            ]
          ]
        ]
      },
      "properties": {
        "BLDG_CODE": "JNHAL",
        "BLDG_NAME": "Barrett College Juniper Hall",
        "Type": "Housing",
        "Image": null,
        "Shape__Area": 4.2302872316213325e-09
      }
    },
    {
      "type": "Feature",
      "geometry": {
        "type": "Polygon",
        "coordinates": [
          [
            [
              -111.929601,
              33.415118
            ],
            [
              -111.929601,
              33.41511
            ],
            [
              -111.92958,
              33.41511
            ],
            [
              -111.929579,
              33.415065
            ],
            [
              -111.929624,
              33.415065
            ],
            [
              -111.929625,
              33.415118
            ],
            [
              -111.929601,
              33.415118
            ]
          ]
        ]
      },
      "properties": {
        "BLDG_CODE": "JOBA",
        "BLDG_NAME": "Hav- Jojoba Hall",
        "Type": "Housing",
        "Image": null,
        "Shape__Area": 2.2257609089137986e-09
      }
    },
    {
      "type": "Feature",
      "geometry": {
        "type": "Polygon",
        "coordinates": [
          [
            [
              -111.937531,
              33.420138
            ],
            [
              -111.93756,
              33.420138
            ],
            [
              -111.937561,
              33.420202
            ],
            [
              -111.937532,
              33.420202
            ],
            [
              -111.937531,
              33.420138
            ]
          ]
        ]
      },
      "properties": {
        "BLDG_CODE": "L01",
        "BLDG_NAME": "Antenna - Stauffer Hall West",
        "Type": "Academic",
        "Image": null,
        "Shape__Area": 1.8424088921165094e-09
      }
    },
    {
      "type": "Feature",
      "geometry": {
        "type": "Polygon",
        "coordinates": [
          [
            [
              -111.933787,
              33.42417
            ],
            [
              -111.933786,
              33.424051
            ],
            [
              -111.934142,
              33.424049
            ],
            [
              -111.934392,
              33.424047
            ],
            [
              -111.934482,
              33.424046
            ],
            [
              -111.934483,
              33.424164
            ],
            [
              -111.933787,
              33.42417
            ]
          ]
        ]
      },
      "properties": {
        "BLDG_CODE": "L03",
        "BLDG_NAME": "Aquatic Complex - Main Area",
        "Type": "Athletics",
        "Image": null,
        "Shape__Area": 8.249344318755902e-08
      }
    },
    {
      "type": "Feature",
      "geometry": {
        "type": "Polygon",
        "coordinates": [
          [
            [
              -111.931636,
              33.419443
            ],
            [
              -111.931584,
              33.419443
            ],
            [
              -111.931583,
              33.419357
            ],
            [
              -111.931635,
              33.419356
            ],
            [
              -111.931636,
              33.419443
            ]
          ]
        ]
      },
      "properties": {
        "BLDG_CODE": "L14",
        "BLDG_NAME": "Engineering Gas Canister Stor.",
        "Type": "Academic",
        "Image": null,
        "Shape__Area": 4.5065462472848594e-09
      }
    },
    {
      "type": "Feature",
      "geometry": {
        "type": "Polygon",
        "coordinates": [
          [
            [
              -111.925624,
              33.418784
            ],
            [
              -111.925626,
              33.418919
            ],
            [
              -111.925516,
              33.41892
            ],
            [
              -111.925516,
              33.418901
            ],
            [
              -111.925404,
              33.418902
            ],
            [
              -111.925404,
              33.418944
            ],
            [
              -111.925346,
              33.418944
            ],
            [
              -111.925346,
              33.418927
            ],
            [
              -111.92532,
              33.418928
            ],
            [
              -111.92532,
              33.418943
            ],
            [
              -111.92526,
              33.418943
            ],
            [
              -111.925259,
              33.418865
            ],
            [
              -111.925261,
              33.418787
            ],
            [
              -111.925624,
              33.418784
            ]
          ]
        ]
      },
      "properties": {
        "BLDG_CODE": "L17",
        "BLDG_NAME": "Cholla Hall Pool - Courtyard",
        "Type": "Academic",
        "Image": null,
        "Shape__Area": 4.982348400517367e-08
      }
    },
    {
      "type": "Feature",
      "geometry": {
        "type": "Polygon",
        "coordinates": [
          [
            [
              -111.930123,
              33.425313
            ],
            [
              -111.930128,
              33.425307
            ],
            [
              -111.930256,
              33.425398
            ],
            [
              -111.930217,
              33.425432
            ],
            [
              -111.930211,
              33.42547
            ],
            [
              -111.930232,
              33.425509
            ],
            [
              -111.930077,
              33.425565
            ],
            [
              -111.930074,
              33.425558
            ],
            [
              -111.930071,
              33.425552
            ],
            [
              -111.930068,
              33.425545
            ],
            [
              -111.930065,
              33.425538
            ],
            [
              -111.930063,
              33.425531
            ],
            [
              -111.930061,
              33.425524
            ],
            [
              -111.930059,
              33.425517
            ],
            [
              -111.930057,
              33.425509
            ],
            [
              -111.930056,
              33.425502
            ],
            [
              -111.930055,
              33.425495
            ],
            [
              -111.930054,
              33.425488
            ],
            [
              -111.930053,
              33.425481
            ],
            [
              -111.930053,
              33.425473
            ],
            [
              -111.930053,
              33.425466
            ],
            [
              -111.930053,
              33.425459
            ],
            [
              -111.930054,
              33.425451
            ],
            [
              -111.930055,
              33.425444
            ],
            [
              -111.930056,
              33.425437
            ],
            [
              -111.930057,
              33.42543
            ],
            [
              -111.930058,
              33.425423
            ],
            [
              -111.93006,
              33.425415
            ],
            [
              -111.930062,
              33.425408
            ],
            [
              -111.930065,
              33.425401
            ],
            [
              -111.930067,
              33.425394
            ],
            [
              -111.93007,
              33.425388
            ],
            [
              -111.930073,
              33.425381
            ],
            [
              -111.930076,
              33.425374
            ],
            [
              -111.93008,
              33.425367
            ],
            [
              -111.930084,
              33.425361
            ],
            [
              -111.930088,
              33.425354
            ],
            [
              -111.930092,
              33.425348
            ],
            [
              -111.930097,
              33.425342
            ],
            [
              -111.930101,
              33.425336
            ],
            [
              -111.930106,
              33.42533
            ],
            [
              -111.930112,
              33.425324
            ],
            [
              -111.930117,
              33.425318
            ],
            [
              -111.930123,
              33.425313
            ]
          ]
        ]
      },
      "properties": {
        "BLDG_CODE": "L20",
        "BLDG_NAME": "Desert Arboretum Park",
        "Type": "Academic",
        "Image": null,
        "Shape__Area": 3.264722181484103e-08
      }
    },
    {
      "type": "Feature",
      "geometry": {
        "type": "Polygon",
        "coordinates": [
          [
            [
              -111.92267,
              33.423697
            ],
            [
              -111.922669,
              33.423768
            ],
            [
              -111.919802,
              33.423762
            ],
            [
              -111.919802,
              33.423691
            ],
            [
              -111.92267,
              33.423697
            ]
          ]
        ]
      },
      "properties": {
        "BLDG_CODE": "L22",
        "BLDG_NAME": "Grounds Fenced Yard 'boneyard'",
        "Type": "Infrastructure",
        "Image": null,
        "Shape__Area": 2.0330389816081151e-07
      }
    },
    {
      "type": "Feature",
      "geometry": {
        "type": "Polygon",
        "coordinates": [
          [
            [
              -111.922973,
              33.426416
            ],
            [
              -111.922974,
              33.426479
            ],
            [
              -111.922378,
              33.426484
            ],
            [
              -111.922377,
              33.42642
            ],
            [
              -111.922973,
              33.426416
            ]
          ]
        ]
      },
      "properties": {
        "BLDG_CODE": "L31",
        "BLDG_NAME": "T-mobile Monopalm At Karsten Gc",
        "Type": "Academic",
        "Image": null,
        "Shape__Area": 3.797549652517773e-08
      }
    },
    {
      "type": "Feature",
      "geometry": {
        "type": "Polygon",
        "coordinates": [
          [
            [
              -111.934272,
              33.419446
            ],
            [
              -111.934273,
              33.418571
            ],
            [
              -111.934866,
              33.418571
            ],
            [
              -111.934865,
              33.419447
            ],
            [
              -111.934865,
              33.419464
            ],
            [
              -111.934272,
              33.419463
            ],
            [
              -111.934272,
              33.419446
            ]
          ],
          [
            [
              -111.934596,
              33.419109
            ],
            [
              -111.934489,
              33.419109
            ],
            [
              -111.934488,
              33.419182
            ],
            [
              -111.934596,
              33.419183
            ],
            [
              -111.934596,
              33.419109
            ]
          ]
        ]
      },
      "properties": {
        "BLDG_CODE": "LIB",
        "BLDG_NAME": "Hayden Library",
        "Type": "Academic",
        "Image": null,
        "Shape__Area": 5.214194516156567e-07
      }
    },
    {
      "type": "Feature",
      "geometry": {
        "type": "Polygon",
        "coordinates": [
          [
            [
              -111.9334,
              33.420029
            ],
            [
              -111.933317,
              33.419978
            ],
            [
              -111.933311,
              33.419985
            ],
            [
              -111.933311,
              33.420029
            ],
            [
              -111.933266,
              33.42003
            ],
            [
              -111.933264,
              33.419881
            ],
            [
              -111.933278,
              33.419881
            ],
            [
              -111.933277,
              33.419711
            ],
            [
              -111.933317,
              33.419711
            ],
            [
              -111.933317,
              33.419728
            ],
            [
              -111.933306,
              33.419728
            ],
            [
              -111.933306,
              33.419787
            ],
            [
              -111.933306,
              33.419787
            ],
            [
              -111.933307,
              33.419832
            ],
            [
              -111.933361,
              33.419807
            ],
            [
              -111.933453,
              33.419764
            ],
            [
              -111.933474,
              33.419801
            ],
            [
              -111.933489,
              33.419839
            ],
            [
              -111.933497,
              33.419879
            ],
            [
              -111.9335,
              33.41992
            ],
            [
              -111.933495,
              33.419961
            ],
            [
              -111.933484,
              33.42
            ],
            [
              -111.933467,
              33.420038
            ],
            [
              -111.933438,
              33.420039
            ],
            [
              -111.933438,
              33.420028
            ],
            [
              -111.9334,
              33.420029
            ]
          ]
        ]
      },
      "properties": {
        "BLDG_CODE": "LSA",
        "BLDG_NAME": "Life Sciences Center A",
        "Type": "Academic",
        "Image": null,
        "Shape__Area": 5.1809138312819414e-08
      }
    },
    {
      "type": "Feature",
      "geometry": {
        "type": "Polygon",
        "coordinates": [
          [
            [
              -111.933276,
              33.419655
            ],
            [
              -111.933275,
              33.419605
            ],
            [
              -111.933295,
              33.419605
            ],
            [
              -111.933305,
              33.419604
            ],
            [
              -111.933332,
              33.419604
            ],
            [
              -111.93334,
              33.419604
            ],
            [
              -111.933361,
              33.419604
            ],
            [
              -111.93336,
              33.41951
            ],
            [
              -111.933449,
              33.419509
            ],
            [
              -111.933451,
              33.419662
            ],
            [
              -111.933383,
              33.419663
            ],
            [
              -111.933384,
              33.419691
            ],
            [
              -111.933316,
              33.419692
            ],
            [
              -111.933316,
              33.419655
            ],
            [
              -111.933276,
              33.419655
            ]
          ]
        ]
      },
      "properties": {
        "BLDG_CODE": "LSB",
        "BLDG_NAME": "Life Sciences Center B-animal Care",
        "Type": "Academic",
        "Image": null,
        "Shape__Area": 2.0346760720713064e-08
      }
    },
    {
      "type": "Feature",
      "geometry": {
        "type": "Polygon",
        "coordinates": [
          [
            [
              -111.933609,
              33.419897
            ],
            [
              -111.933872,
              33.419895
            ],
            [
              -111.933875,
              33.420113
            ],
            [
              -111.933611,
              33.420115
            ],
            [
              -111.933609,
              33.419897
            ]
          ]
        ]
      },
      "properties": {
        "BLDG_CODE": "LSC",
        "BLDG_NAME": "Life Sciences Center C",
        "Type": "Academic",
        "Image": null,
        "Shape__Area": 5.746846909460146e-08
      }
    },
    {
      "type": "Feature",
      "geometry": {
        "type": "Polygon",
        "coordinates": [
          [
            [
              -111.933005,
              33.419589
            ],
            [
              -111.933004,
              33.419523
            ],
            [
              -111.933294,
              33.419521
            ],
            [
              -111.933295,
              33.419587
            ],
            [
              -111.933005,
              33.419589
            ]
          ]
        ]
      },
      "properties": {
        "BLDG_CODE": "LSD",
        "BLDG_NAME": "Life Sciences Center D-aquatic Terrestrial",
        "Type": "Athletics",
        "Image": null,
        "Shape__Area": 1.9223307390348054e-08
      }
    },
    {
      "type": "Feature",
      "geometry": {
        "type": "Polygon",
        "coordinates": [
          [
            [
              -111.93381,
              33.419417
            ],
            [
              -111.934024,
              33.419415
            ],
            [
              -111.934067,
              33.419415
            ],
            [
              -111.934074,
              33.419425
            ],
            [
              -111.934102,
              33.419467
            ],
            [
              -111.934103,
              33.41948
            ],
            [
              -111.934107,
              33.419543
            ],
            [
              -111.934076,
              33.419626
            ],
            [
              -111.934025,
              33.419627
            ],
            [
              -111.933908,
              33.419628
            ],
            [
              -111.933864,
              33.419628
            ],
            [
              -111.933813,
              33.419629
            ],
            [
              -111.93381,
              33.419417
            ]
          ],
          [
            [
              -111.933863,
              33.41952
            ],
            [
              -111.933864,
              33.419597
            ],
            [
              -111.933907,
              33.419597
            ],
            [
              -111.933906,
              33.419519
            ],
            [
              -111.933863,
              33.41952
            ]
          ]
        ]
      },
      "properties": {
        "BLDG_CODE": "LSE",
        "BLDG_NAME": "Life Sciences Tower E-wing",
        "Type": "Academic",
        "Image": null,
        "Shape__Area": 5.657011570292525e-08
      }
    },
    {
      "type": "Feature",
      "geometry": {
        "type": "Polygon",
        "coordinates": [
          [
            [
              -111.936318,
              33.420483
            ],
            [
              -111.936356,
              33.420483
            ],
            [
              -111.93643,
              33.420482
            ],
            [
              -111.936468,
              33.420482
            ],
            [
              -111.936469,
              33.420601
            ],
            [
              -111.936319,
              33.420602
            ],
            [
              -111.936318,
              33.420483
            ]
          ]
        ]
      },
      "properties": {
        "BLDG_CODE": "LYC",
        "BLDG_NAME": "Lyceum Theatre",
        "Type": "Fine Art",
        "Image": null,
        "Shape__Area": 1.783496372809168e-08
      }
    },
    {
      "type": "Feature",
      "geometry": {
        "type": "Polygon",
        "coordinates": [
          [
            [
              -111.933926,
              33.420481
            ],
            [
              -111.933945,
              33.420481
            ],
            [
              -111.934149,
              33.42048
            ],
            [
              -111.934149,
              33.420498
            ],
            [
              -111.934186,
              33.420498
            ],
            [
              -111.934186,
              33.420539
            ],
            [
              -111.934187,
              33.420642
            ],
            [
              -111.934188,
              33.420677
            ],
            [
              -111.934151,
              33.420677
            ],
            [
              -111.934151,
              33.420702
            ],
            [
              -111.933781,
              33.420705
            ],
            [
              -111.933781,
              33.42068
            ],
            [
              -111.933746,
              33.42068
            ],
            [
              -111.933744,
              33.420501
            ],
            [
              -111.933779,
              33.420501
            ],
            [
              -111.933778,
              33.420483
            ],
            [
              -111.933926,
              33.420481
            ]
          ]
        ]
      },
      "properties": {
        "BLDG_CODE": "MAIN",
        "BLDG_NAME": "Old Main",
        "Type": "Academic",
        "Image": null,
        "Shape__Area": 9.502923603577074e-08
      }
    },
    {
      "type": "Feature",
      "geometry": {
        "type": "Polygon",
        "coordinates": [
          [
            [
              -111.930173,
              33.422519
            ],
            [
              -111.930017,
              33.422452
            ],
            [
              -111.929872,
              33.422304
            ],
            [
              -111.929982,
              33.422225
            ],
            [
              -111.93,
              33.42223
            ],
            [
              -111.93006,
              33.422215
            ],
            [
              -111.930219,
              33.422214
            ],
            [
              -111.930219,
              33.422224
            ],
            [
              -111.93031,
              33.422223
            ],
            [
              -111.930304,
              33.422468
            ],
            [
              -111.930447,
              33.42244
            ],
            [
              -111.930623,
              33.422406
            ],
            [
              -111.930702,
              33.422476
            ],
            [
              -111.93061,
              33.422504
            ],
            [
              -111.930448,
              33.422513
            ],
            [
              -111.930303,
              33.422514
            ],
            [
              -111.930173,
              33.422519
            ]
          ],
          [
            [
              -111.930108,
              33.422246
            ],
            [
              -111.930106,
              33.422246
            ],
            [
              -111.930104,
              33.422246
            ],
            [
              -111.930102,
              33.422246
            ],
            [
              -111.930101,
              33.422247
            ],
            [
              -111.930099,
              33.422247
            ],
            [
              -111.930097,
              33.422247
            ],
            [
              -111.930095,
              33.422247
            ],
            [
              -111.930093,
              33.422247
            ],
            [
              -111.930092,
              33.422247
            ],
            [
              -111.93009,
              33.422248
            ],
            [
              -111.930088,
              33.422248
            ],
            [
              -111.930086,
              33.422248
            ],
            [
              -111.930084,
              33.422248
            ],
            [
              -111.930083,
              33.422249
            ],
            [
              -111.930081,
              33.422249
            ],
            [
              -111.930079,
              33.42225
            ],
            [
              -111.930077,
              33.42225
            ],
            [
              -111.930076,
              33.42225
            ],
            [
              -111.930074,
              33.422251
            ],
            [
              -111.930072,
              33.422251
            ],
            [
              -111.93007,
              33.422252
            ],
            [
              -111.930069,
              33.422252
            ],
            [
              -111.930067,
              33.422253
            ],
            [
              -111.930065,
              33.422254
            ],
            [
              -111.930064,
              33.422254
            ],
            [
              -111.930062,
              33.422255
            ],
            [
              -111.93006,
              33.422256
            ],
            [
              -111.930059,
              33.422256
            ],
            [
              -111.930057,
              33.422257
            ],
            [
              -111.930056,
              33.422258
            ],
            [
              -111.930054,
              33.422259
            ],
            [
              -111.930052,
              33.422259
            ],
            [
              -111.930051,
              33.42226
            ],
            [
              -111.930049,
              33.422261
            ],
            [
              -111.930048,
              33.422262
            ],
            [
              -111.930046,
              33.422263
            ],
            [
              -111.930045,
              33.422264
            ],
            [
              -111.930043,
              33.422265
            ],
            [
              -111.930042,
              33.422265
            ],
            [
              -111.93004,
              33.422266
            ],
            [
              -111.930039,
              33.422267
            ],
            [
              -111.930038,
              33.422268
            ],
            [
              -111.930036,
              33.422269
            ],
            [
              -111.930035,
              33.42227
            ],
            [
              -111.930034,
              33.422272
            ],
            [
              -111.930032,
              33.422273
            ],
            [
              -111.930031,
              33.422274
            ],
            [
              -111.93003,
              33.422275
            ],
            [
              -111.930029,
              33.422276
            ],
            [
              -111.930028,
              33.422277
            ],
            [
              -111.930026,
              33.422278
            ],
            [
              -111.930025,
              33.422279
            ],
            [
              -111.930024,
              33.422281
            ],
            [
              -111.930023,
              33.422282
            ],
            [
              -111.930022,
              33.422283
            ],
            [
              -111.930021,
              33.422284
            ],
            [
              -111.93002,
              33.422286
            ],
            [
              -111.930019,
              33.422287
            ],
            [
              -111.930018,
              33.422288
            ],
            [
              -111.930017,
              33.42229
            ],
            [
              -111.930016,
              33.422291
            ],
            [
              -111.930015,
              33.422292
            ],
            [
              -111.930014,
              33.422294
            ],
            [
              -111.930013,
              33.422295
            ],
            [
              -111.930013,
              33.422296
            ],
            [
              -111.930012,
              33.422298
            ],
            [
              -111.930011,
              33.422299
            ],
            [
              -111.93001,
              33.422301
            ],
            [
              -111.93001,
              33.422302
            ],
            [
              -111.930009,
              33.422303
            ],
            [
              -111.930008,
              33.422305
            ],
            [
              -111.930008,
              33.422306
            ],
            [
              -111.930007,
              33.422308
            ],
            [
              -111.930007,
              33.422309
            ],
            [
              -111.930006,
              33.422311
            ],
            [
              -111.930006,
              33.422312
            ],
            [
              -111.930005,
              33.422314
            ],
            [
              -111.930005,
              33.422315
            ],
            [
              -111.930005,
              33.422317
            ],
            [
              -111.930004,
              33.422318
            ],
            [
              -111.930004,
              33.42232
            ],
            [
              -111.930004,
              33.422321
            ],
            [
              -111.930003,
              33.422323
            ],
            [
              -111.930003,
              33.422324
            ],
            [
              -111.930003,
              33.422326
            ],
            [
              -111.930003,
              33.422327
            ],
            [
              -111.930003,
              33.422329
            ],
            [
              -111.930003,
              33.42233
            ],
            [
              -111.930003,
              33.422332
            ],
            [
              -111.930002,
              33.422333
            ],
            [
              -111.930002,
              33.422335
            ],
            [
              -111.930003,
              33.422336
            ],
            [
              -111.930003,
              33.422338
            ],
            [
              -111.930003,
              33.422339
            ],
            [
              -111.930003,
              33.422341
            ],
            [
              -111.930003,
              33.422342
            ],
            [
              -111.930003,
              33.422344
            ],
            [
              -111.930003,
              33.422346
            ],
            [
              -111.930004,
              33.422347
            ],
            [
              -111.930004,
              33.422349
            ],
            [
              -111.930004,
              33.42235
            ],
            [
              -111.930005,
              33.422352
            ],
            [
              -111.930005,
              33.422353
            ],
            [
              -111.930005,
              33.422355
            ],
            [
              -111.930006,
              33.422356
            ],
            [
              -111.930006,
              33.422357
            ],
            [
              -111.930007,
              33.422359
            ],
            [
              -111.930007,
              33.42236
            ],
            [
              -111.930008,
              33.422362
            ],
            [
              -111.930008,
              33.422363
            ],
            [
              -111.930009,
              33.422365
            ],
            [
              -111.93001,
              33.422366
            ],
            [
              -111.93001,
              33.422368
            ],
            [
              -111.930011,
              33.422369
            ],
            [
              -111.930012,
              33.42237
            ],
            [
              -111.930013,
              33.422372
            ],
            [
              -111.930013,
              33.422373
            ],
            [
              -111.930014,
              33.422375
            ],
            [
              -111.930015,
              33.422376
            ],
            [
              -111.930016,
              33.422377
            ],
            [
              -111.930017,
              33.422379
            ],
            [
              -111.930018,
              33.42238
            ],
            [
              -111.930019,
              33.422381
            ],
            [
              -111.93002,
              33.422382
            ],
            [
              -111.930021,
              33.422384
            ],
            [
              -111.930022,
              33.422385
            ],
            [
              -111.930023,
              33.422386
            ],
            [
              -111.930024,
              33.422387
            ],
            [
              -111.930025,
              33.422389
            ],
            [
              -111.930026,
              33.42239
            ],
            [
              -111.930028,
              33.422391
            ],
            [
              -111.930029,
              33.422392
            ],
            [
              -111.93003,
              33.422393
            ],
            [
              -111.930031,
              33.422394
            ],
            [
              -111.930032,
              33.422395
            ],
            [
              -111.930034,
              33.422397
            ],
            [
              -111.930035,
              33.422398
            ],
            [
              -111.930036,
              33.422399
            ],
            [
              -111.930038,
              33.4224
            ],
            [
              -111.930039,
              33.422401
            ],
            [
              -111.930041,
              33.422402
            ],
            [
              -111.930042,
              33.422403
            ],
            [
              -111.930043,
              33.422404
            ],
            [
              -111.930045,
              33.422405
            ],
            [
              -111.930046,
              33.422405
            ],
            [
              -111.930048,
              33.422406
            ],
            [
              -111.930049,
              33.422407
            ],
            [
              -111.930051,
              33.422408
            ],
            [
              -111.930052,
              33.422409
            ],
            [
              -111.930054,
              33.42241
            ],
            [
              -111.930056,
              33.42241
            ],
            [
              -111.930057,
              33.422411
            ],
            [
              -111.930059,
              33.422412
            ],
            [
              -111.93006,
              33.422412
            ],
            [
              -111.930062,
              33.422413
            ],
            [
              -111.930064,
              33.422414
            ],
            [
              -111.930065,
              33.422414
            ],
            [
              -111.930067,
              33.422415
            ],
            [
              -111.930069,
              33.422416
            ],
            [
              -111.93007,
              33.422416
            ],
            [
              -111.930072,
              33.422417
            ],
            [
              -111.930074,
              33.422417
            ],
            [
              -111.930076,
              33.422418
            ],
            [
              -111.930077,
              33.422418
            ],
            [
              -111.930079,
              33.422419
            ],
            [
              -111.930081,
              33.422419
            ],
            [
              -111.930083,
              33.422419
            ],
            [
              -111.930084,
              33.42242
            ],
            [
              -111.930086,
              33.42242
            ],
            [
              -111.930088,
              33.42242
            ],
            [
              -111.93009,
              33.422421
            ],
            [
              -111.930092,
              33.422421
            ],
            [
              -111.930093,
              33.422421
            ],
            [
              -111.930095,
              33.422421
            ],
            [
              -111.930097,
              33.422421
            ],
            [
              -111.930099,
              33.422421
            ],
            [
              -111.930101,
              33.422422
            ],
            [
              -111.930102,
              33.422422
            ],
            [
              -111.930104,
              33.422422
            ],
            [
              -111.930106,
              33.422422
            ],
            [
              -111.930108,
              33.422422
            ],
            [
              -111.93011,
              33.422422
            ],
            [
              -111.930112,
              33.422422
            ],
            [
              -111.930113,
              33.422422
            ],
            [
              -111.930115,
              33.422421
            ],
            [
              -111.930117,
              33.422421
            ],
            [
              -111.930119,
              33.422421
            ],
            [
              -111.930121,
              33.422421
            ],
            [
              -111.930122,
              33.422421
            ],
            [
              -111.930124,
              33.42242
            ],
            [
              -111.930126,
              33.42242
            ],
            [
              -111.930128,
              33.42242
            ],
            [
              -111.93013,
              33.42242
            ],
            [
              -111.930131,
              33.422419
            ],
            [
              -111.930133,
              33.422419
            ],
            [
              -111.930135,
              33.422419
            ],
            [
              -111.930137,
              33.422418
            ],
            [
              -111.930138,
              33.422418
            ],
            [
              -111.93014,
              33.422417
            ],
            [
              -111.930142,
              33.422417
            ],
            [
              -111.930144,
              33.422416
            ],
            [
              -111.930145,
              33.422416
            ],
            [
              -111.930147,
              33.422415
            ],
            [
              -111.930149,
              33.422414
            ],
            [
              -111.93015,
              33.422414
            ],
            [
              -111.930152,
              33.422413
            ],
            [
              -111.930154,
              33.422412
            ],
            [
              -111.930155,
              33.422412
            ],
            [
              -111.930157,
              33.422411
            ],
            [
              -111.930159,
              33.42241
            ],
            [
              -111.93016,
              33.42241
            ],
            [
              -111.930162,
              33.422409
            ],
            [
              -111.930163,
              33.422408
            ],
            [
              -111.930165,
              33.422407
            ],
            [
              -111.930166,
              33.422406
            ],
            [
              -111.930168,
              33.422405
            ],
            [
              -111.930169,
              33.422404
            ],
            [
              -111.930171,
              33.422404
            ],
            [
              -111.930172,
              33.422403
            ],
            [
              -111.930174,
              33.422402
            ],
            [
              -111.930175,
              33.422401
            ],
            [
              -111.930176,
              33.4224
            ],
            [
              -111.930178,
              33.422399
            ],
            [
              -111.930179,
              33.422398
            ],
            [
              -111.93018,
              33.422397
            ],
            [
              -111.930182,
              33.422395
            ],
            [
              -111.930183,
              33.422394
            ],
            [
              -111.930184,
              33.422393
            ],
            [
              -111.930185,
              33.422392
            ],
            [
              -111.930187,
              33.422391
            ],
            [
              -111.930188,
              33.42239
            ],
            [
              -111.930189,
              33.422389
            ],
            [
              -111.93019,
              33.422387
            ],
            [
              -111.930191,
              33.422386
            ],
            [
              -111.930192,
              33.422385
            ],
            [
              -111.930193,
              33.422384
            ],
            [
              -111.930194,
              33.422382
            ],
            [
              -111.930195,
              33.422381
            ],
            [
              -111.930196,
              33.42238
            ],
            [
              -111.930197,
              33.422379
            ],
            [
              -111.930198,
              33.422377
            ],
            [
              -111.930199,
              33.422376
            ],
            [
              -111.9302,
              33.422375
            ],
            [
              -111.930201,
              33.422373
            ],
            [
              -111.930201,
              33.422372
            ],
            [
              -111.930202,
              33.42237
            ],
            [
              -111.930203,
              33.422369
            ],
            [
              -111.930204,
              33.422368
            ],
            [
              -111.930204,
              33.422366
            ],
            [
              -111.930205,
              33.422365
            ],
            [
              -111.930206,
              33.422363
            ],
            [
              -111.930206,
              33.422362
            ],
            [
              -111.930207,
              33.42236
            ],
            [
              -111.930207,
              33.422359
            ],
            [
              -111.930208,
              33.422357
            ],
            [
              -111.930208,
              33.422356
            ],
            [
              -111.930209,
              33.422354
            ],
            [
              -111.930209,
              33.422353
            ],
            [
              -111.930209,
              33.422351
            ],
            [
              -111.93021,
              33.42235
            ],
            [
              -111.93021,
              33.422348
            ],
            [
              -111.93021,
              33.422347
            ],
            [
              -111.930211,
              33.422345
            ],
            [
              -111.930211,
              33.422344
            ],
            [
              -111.930211,
              33.422342
            ],
            [
              -111.930211,
              33.422341
            ],
            [
              -111.930211,
              33.422339
            ],
            [
              -111.930211,
              33.422338
            ],
            [
              -111.930212,
              33.422336
            ],
            [
              -111.930212,
              33.422335
            ],
            [
              -111.930212,
              33.422333
            ],
            [
              -111.930212,
              33.422332
            ],
            [
              -111.930211,
              33.42233
            ],
            [
              -111.930211,
              33.422329
            ],
            [
              -111.930211,
              33.422327
            ],
            [
              -111.930211,
              33.422326
            ],
            [
              -111.930211,
              33.422324
            ],
            [
              -111.930211,
              33.422323
            ],
            [
              -111.93021,
              33.422321
            ],
            [
              -111.93021,
              33.42232
            ],
            [
              -111.93021,
              33.422318
            ],
            [
              -111.930209,
              33.422317
            ],
            [
              -111.930209,
              33.422315
            ],
            [
              -111.930209,
              33.422314
            ],
            [
              -111.930208,
              33.422312
            ],
            [
              -111.930208,
              33.422311
            ],
            [
              -111.930207,
              33.422309
            ],
            [
              -111.930207,
              33.422308
            ],
            [
              -111.930206,
              33.422306
            ],
            [
              -111.930206,
              33.422305
            ],
            [
              -111.930205,
              33.422303
            ],
            [
              -111.930204,
              33.422302
            ],
            [
              -111.930204,
              33.4223
            ],
            [
              -111.930203,
              33.422299
            ],
            [
              -111.930202,
              33.422298
            ],
            [
              -111.930201,
              33.422296
            ],
            [
              -111.930201,
              33.422295
            ],
            [
              -111.9302,
              33.422294
            ],
            [
              -111.930199,
              33.422292
            ],
            [
              -111.930198,
              33.422291
            ],
            [
              -111.930197,
              33.42229
            ],
            [
              -111.930196,
              33.422288
            ],
            [
              -111.930195,
              33.422287
            ],
            [
              -111.930194,
              33.422286
            ],
            [
              -111.930193,
              33.422284
            ],
            [
              -111.930192,
              33.422283
            ],
            [
              -111.930191,
              33.422282
            ],
            [
              -111.93019,
              33.422281
            ],
            [
              -111.930189,
              33.422279
            ],
            [
              -111.930188,
              33.422278
            ],
            [
              -111.930186,
              33.422277
            ],
            [
              -111.930185,
              33.422276
            ],
            [
              -111.930184,
              33.422275
            ],
            [
              -111.930183,
              33.422274
            ],
            [
              -111.930182,
              33.422273
            ],
            [
              -111.93018,
              33.422272
            ],
            [
              -111.930179,
              33.42227
            ],
            [
              -111.930178,
              33.422269
            ],
            [
              -111.930176,
              33.422268
            ],
            [
              -111.930175,
              33.422267
            ],
            [
              -111.930173,
              33.422266
            ],
            [
              -111.930172,
              33.422265
            ],
            [
              -111.930171,
              33.422264
            ],
            [
              -111.930169,
              33.422264
            ],
            [
              -111.930168,
              33.422263
            ],
            [
              -111.930166,
              33.422262
            ],
            [
              -111.930165,
              33.422261
            ],
            [
              -111.930163,
              33.42226
            ],
            [
              -111.930162,
              33.422259
            ],
            [
              -111.93016,
              33.422259
            ],
            [
              -111.930158,
              33.422258
            ],
            [
              -111.930157,
              33.422257
            ],
            [
              -111.930155,
              33.422256
            ],
            [
              -111.930154,
              33.422256
            ],
            [
              -111.930152,
              33.422255
            ],
            [
              -111.93015,
              33.422254
            ],
            [
              -111.930149,
              33.422254
            ],
            [
              -111.930147,
              33.422253
            ],
            [
              -111.930145,
              33.422252
            ],
            [
              -111.930144,
              33.422252
            ],
            [
              -111.930142,
              33.422251
            ],
            [
              -111.93014,
              33.422251
            ],
            [
              -111.930138,
              33.42225
            ],
            [
              -111.930137,
              33.42225
            ],
            [
              -111.930135,
              33.42225
            ],
            [
              -111.930133,
              33.422249
            ],
            [
              -111.930131,
              33.422249
            ],
            [
              -111.93013,
              33.422248
            ],
            [
              -111.930128,
              33.422248
            ],
            [
              -111.930126,
              33.422248
            ],
            [
              -111.930124,
              33.422248
            ],
            [
              -111.930122,
              33.422247
            ],
            [
              -111.930121,
              33.422247
            ],
            [
              -111.930119,
              33.422247
            ],
            [
              -111.930117,
              33.422247
            ],
            [
              -111.930115,
              33.422247
            ],
            [
              -111.930113,
              33.422247
            ],
            [
              -111.930112,
              33.422246
            ],
            [
              -111.93011,
              33.422246
            ],
            [
              -111.930108,
              33.422246
            ]
          ]
        ]
      },
      "properties": {
        "BLDG_CODE": "MANZH",
        "BLDG_NAME": "Manzanita Hall",
        "Type": "Housing",
        "Image": null,
        "Shape__Area": 9.762652553035878e-08
      }
    },
    {
      "type": "Feature",
      "geometry": {
        "type": "Polygon",
        "coordinates": [
          [
            [
              -111.930675,
              33.422843
            ],
            [
              -111.930631,
              33.422909
            ],
            [
              -111.930607,
              33.422898
            ],
            [
              -111.930587,
              33.422928
            ],
            [
              -111.930524,
              33.422898
            ],
            [
              -111.930612,
              33.422766
            ],
            [
              -111.930669,
              33.422792
            ],
            [
              -111.930645,
              33.422829
            ],
            [
              -111.930675,
              33.422843
            ]
          ]
        ]
      },
      "properties": {
        "BLDG_CODE": "MANZY",
        "BLDG_NAME": "Manzy Cafe",
        "Type": "Academic",
        "Image": null,
        "Shape__Area": 1.2838654583902098e-08
      }
    },
    {
      "type": "Feature",
      "geometry": {
        "type": "Polygon",
        "coordinates": [
          [
            [
              -111.935837,
              33.415488
            ],
            [
              -111.935837,
              33.415445
            ],
            [
              -111.935811,
              33.415445
            ],
            [
              -111.935811,
              33.41537
            ],
            [
              -111.936433,
              33.415366
            ],
            [
              -111.936433,
              33.415366
            ],
            [
              -111.936434,
              33.415435
            ],
            [
              -111.93639,
              33.415435
            ],
            [
              -111.936391,
              33.415484
            ],
            [
              -111.935837,
              33.415488
            ]
          ]
        ]
      },
      "properties": {
        "BLDG_CODE": "MB",
        "BLDG_NAME": "Best Hall B",
        "Type": "Housing",
        "Image": null,
        "Shape__Area": 6.999425750109367e-08
      }
    },
    {
      "type": "Feature",
      "geometry": {
        "type": "Polygon",
        "coordinates": [
          [
            [
              -111.935846,
              33.415902
            ],
            [
              -111.935845,
              33.41587
            ],
            [
              -111.936389,
              33.415866
            ],
            [
              -111.936389,
              33.415898
            ],
            [
              -111.936425,
              33.415898
            ],
            [
              -111.936426,
              33.415967
            ],
            [
              -111.935819,
              33.415971
            ],
            [
              -111.935818,
              33.415902
            ],
            [
              -111.935846,
              33.415902
            ]
          ]
        ]
      },
      "properties": {
        "BLDG_CODE": "MB",
        "BLDG_NAME": "Best Hall A",
        "Type": "Housing",
        "Image": null,
        "Shape__Area": 5.9463218349264935e-08
      }
    },
    {
      "type": "Feature",
      "geometry": {
        "type": "Polygon",
        "coordinates": [
          [
            [
              -111.935892,
              33.415586
            ],
            [
              -111.936315,
              33.415583
            ],
            [
              -111.936317,
              33.415758
            ],
            [
              -111.935899,
              33.415761
            ],
            [
              -111.935892,
              33.415761
            ],
            [
              -111.935892,
              33.415586
            ]
          ]
        ]
      },
      "properties": {
        "BLDG_CODE": "MB",
        "BLDG_NAME": "Best Hall C",
        "Type": "Housing",
        "Image": null,
        "Shape__Area": 7.419862413371447e-08
      }
    },
    {
      "type": "Feature",
      "geometry": {
        "type": "Polygon",
        "coordinates": [
          [
            [
              -111.935437,
              33.419884
            ],
            [
              -111.935499,
              33.419883
            ],
            [
              -111.9355,
              33.419982
            ],
            [
              -111.935474,
              33.419982
            ],
            [
              -111.935457,
              33.419982
            ],
            [
              -111.935438,
              33.419983
            ],
            [
              -111.935437,
              33.419884
            ]
          ]
        ]
      },
      "properties": {
        "BLDG_CODE": "MCENT",
        "BLDG_NAME": "Matthews Center",
        "Type": "Academic",
        "Image": null,
        "Shape__Area": 6.139089236967266e-09
      }
    },
    {
      "type": "Feature",
      "geometry": {
        "type": "Polygon",
        "coordinates": [
          [
            [
              -111.935768,
              33.419856
            ],
            [
              -111.935764,
              33.41947
            ],
            [
              -111.935805,
              33.41947
            ],
            [
              -111.935869,
              33.41947
            ],
            [
              -111.935869,
              33.419533
            ],
            [
              -111.93587,
              33.419564
            ],
            [
              -111.935873,
              33.419855
            ],
            [
              -111.936319,
              33.419852
            ],
            [
              -111.936335,
              33.419852
            ],
            [
              -111.936336,
              33.419872
            ],
            [
              -111.936336,
              33.419882
            ],
            [
              -111.936336,
              33.419921
            ],
            [
              -111.936325,
              33.419921
            ],
            [
              -111.935981,
              33.419924
            ],
            [
              -111.935981,
              33.419937
            ],
            [
              -111.935922,
              33.419937
            ],
            [
              -111.935889,
              33.419937
            ],
            [
              -111.935769,
              33.419938
            ],
            [
              -111.935769,
              33.419925
            ],
            [
              -111.935768,
              33.419856
            ]
          ]
        ]
      },
      "properties": {
        "BLDG_CODE": "MCL",
        "BLDG_NAME": "Mcclintock Hall",
        "Type": "Housing",
        "Image": null,
        "Shape__Area": 8.238157533924095e-08
      }
    },
    {
      "type": "Feature",
      "geometry": {
        "type": "Polygon",
        "coordinates": [
          [
            [
              -111.933647,
              33.41676
            ],
            [
              -111.933624,
              33.4168
            ],
            [
              -111.933553,
              33.416798
            ],
            [
              -111.933483,
              33.416804
            ],
            [
              -111.933414,
              33.416816
            ],
            [
              -111.933347,
              33.416835
            ],
            [
              -111.933283,
              33.416859
            ],
            [
              -111.933223,
              33.41689
            ],
            [
              -111.933168,
              33.416927
            ],
            [
              -111.933118,
              33.416968
            ],
            [
              -111.933073,
              33.417014
            ],
            [
              -111.933065,
              33.416985
            ],
            [
              -111.933112,
              33.416937
            ],
            [
              -111.933166,
              33.416894
            ],
            [
              -111.933224,
              33.416856
            ],
            [
              -111.933288,
              33.416824
            ],
            [
              -111.933355,
              33.416798
            ],
            [
              -111.933426,
              33.416778
            ],
            [
              -111.933499,
              33.416765
            ],
            [
              -111.933573,
              33.416759
            ],
            [
              -111.933647,
              33.41676
            ]
          ]
        ]
      },
      "properties": {
        "BLDG_CODE": "MCRD",
        "BLDG_NAME": "Mccord Hall",
        "Type": "Academic",
        "Image": null,
        "Shape__Area": 2.025149115070235e-08
      }
    },
    {
      "type": "Feature",
      "geometry": {
        "type": "Polygon",
        "coordinates": [
          [
            [
              -111.935924,
              33.420181
            ],
            [
              -111.935923,
              33.420162
            ],
            [
              -111.935844,
              33.420163
            ],
            [
              -111.935844,
              33.420149
            ],
            [
              -111.935826,
              33.420149
            ],
            [
              -111.935825,
              33.420097
            ],
            [
              -111.935843,
              33.420097
            ],
            [
              -111.935843,
              33.420072
            ],
            [
              -111.935922,
              33.420072
            ],
            [
              -111.935922,
              33.420057
            ],
            [
              -111.936011,
              33.420056
            ],
            [
              -111.936208,
              33.420054
            ],
            [
              -111.936322,
              33.420054
            ],
            [
              -111.936322,
              33.420069
            ],
            [
              -111.936382,
              33.420068
            ],
            [
              -111.936383,
              33.420092
            ],
            [
              -111.936406,
              33.420092
            ],
            [
              -111.936407,
              33.420144
            ],
            [
              -111.936383,
              33.420145
            ],
            [
              -111.936383,
              33.420159
            ],
            [
              -111.936323,
              33.420159
            ],
            [
              -111.936323,
              33.420178
            ],
            [
              -111.936214,
              33.420179
            ],
            [
              -111.936012,
              33.420181
            ],
            [
              -111.935924,
              33.420181
            ]
          ]
        ]
      },
      "properties": {
        "BLDG_CODE": "MHALL",
        "BLDG_NAME": "Matthews Hall",
        "Type": "Academic",
        "Image": null,
        "Shape__Area": 6.467735147452913e-08
      }
    },
    {
      "type": "Feature",
      "geometry": {
        "type": "Polygon",
        "coordinates": [
          [
            [
              -111.936086,
              33.417814
            ],
            [
              -111.936086,
              33.417805
            ],
            [
              -111.93624,
              33.417802
            ],
            [
              -111.93624,
              33.417813
            ],
            [
              -111.936336,
              33.417812
            ],
            [
              -111.936339,
              33.418068
            ],
            [
              -111.936001,
              33.41807
            ],
            [
              -111.935998,
              33.417815
            ],
            [
              -111.936086,
              33.417814
            ]
          ]
        ]
      },
      "properties": {
        "BLDG_CODE": "MOEUR",
        "BLDG_NAME": "Moeur Bldg.",
        "Type": "Academic",
        "Image": null,
        "Shape__Area": 8.793608685664367e-08
      }
    },
    {
      "type": "Feature",
      "geometry": {
        "type": "Polygon",
        "coordinates": [
          [
            [
              -111.92887,
              33.41608
            ],
            [
              -111.92895,
              33.416079
            ],
            [
              -111.928951,
              33.416164
            ],
            [
              -111.928871,
              33.416164
            ],
            [
              -111.92887,
              33.41608
            ]
          ]
        ]
      },
      "properties": {
        "BLDG_CODE": "MSHAL",
        "BLDG_NAME": "Hav- Mesquite Outdoor Room",
        "Type": "Housing",
        "Image": null,
        "Shape__Area": 6.7846031015506014e-09
      }
    },
    {
      "type": "Feature",
      "geometry": {
        "type": "Polygon",
        "coordinates": [
          [
            [
              -111.928789,
              33.416293
            ],
            [
              -111.928787,
              33.416125
            ],
            [
              -111.928785,
              33.416001
            ],
            [
              -111.928949,
              33.416
            ],
            [
              -111.92895,
              33.416079
            ],
            [
              -111.92887,
              33.41608
            ],
            [
              -111.928871,
              33.416164
            ],
            [
              -111.928951,
              33.416164
            ],
            [
              -111.928955,
              33.4165
            ],
            [
              -111.928791,
              33.416501
            ],
            [
              -111.928789,
              33.416352
            ],
            [
              -111.928789,
              33.416293
            ]
          ]
        ]
      },
      "properties": {
        "BLDG_CODE": "MSHAL",
        "BLDG_NAME": "Hav- Mesquite Hall",
        "Type": "Housing",
        "Image": null,
        "Shape__Area": 7.511471267207526e-08
      }
    },
    {
      "type": "Feature",
      "geometry": {
        "type": "Polygon",
        "coordinates": [
          [
            [
              -111.933988,
              33.417676
            ],
            [
              -111.933986,
              33.417609
            ],
            [
              -111.93414,
              33.417608
            ],
            [
              -111.934138,
              33.417411
            ],
            [
              -111.934358,
              33.41741
            ],
            [
              -111.934359,
              33.417597
            ],
            [
              -111.934359,
              33.417607
            ],
            [
              -111.934481,
              33.417607
            ],
            [
              -111.934483,
              33.417781
            ],
            [
              -111.934205,
              33.417782
            ],
            [
              -111.93406,
              33.417782
            ],
            [
              -111.933989,
              33.417782
            ],
            [
              -111.933988,
              33.417676
            ]
          ]
        ]
      },
      "properties": {
        "BLDG_CODE": "MU",
        "BLDG_NAME": "Memorial Union",
        "Type": "Student Life",
        "Image": null,
        "Shape__Area": 1.2907185009680688e-07
      }
    },
    {
      "type": "Feature",
      "geometry": {
        "type": "Polygon",
        "coordinates": [
          [
            [
              -111.933142,
              33.41851
            ],
            [
              -111.933142,
              33.418528
            ],
            [
              -111.933172,
              33.418528
            ],
            [
              -111.933172,
              33.418549
            ],
            [
              -111.93322,
              33.418549
            ],
            [
              -111.933221,
              33.418724
            ],
            [
              -111.933173,
              33.418724
            ],
            [
              -111.933173,
              33.418744
            ],
            [
              -111.933139,
              33.418744
            ],
            [
              -111.933139,
              33.418759
            ],
            [
              -111.933139,
              33.418765
            ],
            [
              -111.932976,
              33.418766
            ],
            [
              -111.932976,
              33.41874
            ],
            [
              -111.932961,
              33.41874
            ],
            [
              -111.93296,
              33.418675
            ],
            [
              -111.93294,
              33.418675
            ],
            [
              -111.932939,
              33.418601
            ],
            [
              -111.93296,
              33.418601
            ],
            [
              -111.932959,
              33.418539
            ],
            [
              -111.932974,
              33.418539
            ],
            [
              -111.932973,
              33.418511
            ],
            [
              -111.933142,
              33.41851
            ]
          ]
        ]
      },
      "properties": {
        "BLDG_CODE": "MUR",
        "BLDG_NAME": "Murdock Lecture Hall",
        "Type": "Academic",
        "Image": null,
        "Shape__Area": 6.212894732016139e-08
      }
    },
    {
      "type": "Feature",
      "geometry": {
        "type": "Polygon",
        "coordinates": [
          [
            [
              -111.9394,
              33.418256
            ],
            [
              -111.939399,
              33.418173
            ],
            [
              -111.939152,
              33.418174
            ],
            [
              -111.939153,
              33.418156
            ],
            [
              -111.939068,
              33.418158
            ],
            [
              -111.939068,
              33.418139
            ],
            [
              -111.938966,
              33.418139
            ],
            [
              -111.938967,
              33.418027
            ],
            [
              -111.939038,
              33.418026
            ],
            [
              -111.939051,
              33.418026
            ],
            [
              -111.939075,
              33.418026
            ],
            [
              -111.939075,
              33.418001
            ],
            [
              -111.939324,
              33.417999
            ],
            [
              -111.939397,
              33.417998
            ],
            [
              -111.939396,
              33.417891
            ],
            [
              -111.939483,
              33.41789
            ],
            [
              -111.939487,
              33.418263
            ],
            [
              -111.9394,
              33.418263
            ],
            [
              -111.9394,
              33.418256
            ]
          ]
        ]
      },
      "properties": {
        "BLDG_CODE": "MUSIC",
        "BLDG_NAME": "Music Bldg.",
        "Type": "Fine Art",
        "Image": null,
        "Shape__Area": 9.978634807339404e-08
      }
    },
    {
      "type": "Feature",
      "geometry": {
        "type": "Polygon",
        "coordinates": [
          [
            [
              -111.929257,
              33.415882
            ],
            [
              -111.929255,
              33.415725
            ],
            [
              -111.929404,
              33.415723
            ],
            [
              -111.929842,
              33.41572
            ],
            [
              -111.929843,
              33.415794
            ],
            [
              -111.929959,
              33.415793
            ],
            [
              -111.929959,
              33.415877
            ],
            [
              -111.929257,
              33.415882
            ]
          ]
        ]
      },
      "properties": {
        "BLDG_CODE": "MVHAL",
        "BLDG_NAME": "Hav- Mohave Hall",
        "Type": "Housing",
        "Image": null,
        "Shape__Area": 1.0245480552839581e-07
      }
    },
    {
      "type": "Feature",
      "geometry": {
        "type": "Polygon",
        "coordinates": [
          [
            [
              -111.932225,
              33.423965
            ],
            [
              -111.932225,
              33.42393
            ],
            [
              -111.932182,
              33.42393
            ],
            [
              -111.932179,
              33.423638
            ],
            [
              -111.93223,
              33.423637
            ],
            [
              -111.932231,
              33.423658
            ],
            [
              -111.932526,
              33.423657
            ],
            [
              -111.932532,
              33.423963
            ],
            [
              -111.932225,
              33.423965
            ]
          ]
        ]
      },
      "properties": {
        "BLDG_CODE": "NCP",
        "BLDG_NAME": "Northern Chiller Plant",
        "Type": "Infrastructure",
        "Image": null,
        "Shape__Area": 1.0642543202266097e-07
      }
    },
    {
      "type": "Feature",
      "geometry": {
        "type": "Polygon",
        "coordinates": [
          [
            [
              -111.936785,
              33.420448
            ],
            [
              -111.936784,
              33.420427
            ],
            [
              -111.936761,
              33.420427
            ],
            [
              -111.936759,
              33.420271
            ],
            [
              -111.936779,
              33.420271
            ],
            [
              -111.936779,
              33.420233
            ],
            [
              -111.936806,
              33.420233
            ],
            [
              -111.936805,
              33.420186
            ],
            [
              -111.936975,
              33.420185
            ],
            [
              -111.936976,
              33.420232
            ],
            [
              -111.937005,
              33.420232
            ],
            [
              -111.937005,
              33.42027
            ],
            [
              -111.937023,
              33.420269
            ],
            [
              -111.937025,
              33.420425
            ],
            [
              -111.937001,
              33.420426
            ],
            [
              -111.937002,
              33.420447
            ],
            [
              -111.936953,
              33.420447
            ],
            [
              -111.936926,
              33.420447
            ],
            [
              -111.936915,
              33.420438
            ],
            [
              -111.936907,
              33.420431
            ],
            [
              -111.936873,
              33.420431
            ],
            [
              -111.936862,
              33.420448
            ],
            [
              -111.936832,
              33.420448
            ],
            [
              -111.936785,
              33.420448
            ]
          ]
        ]
      },
      "properties": {
        "BLDG_CODE": "NEEB",
        "BLDG_NAME": "Neeb Hall",
        "Type": "Academic",
        "Image": null,
        "Shape__Area": 6.151458364911377e-08
      }
    },
    {
      "type": "Feature",
      "geometry": {
        "type": "Polygon",
        "coordinates": [
          [
            [
              -111.930628,
              33.420047
            ],
            [
              -111.930626,
              33.419974
            ],
            [
              -111.930544,
              33.419975
            ],
            [
              -111.93054,
              33.419835
            ],
            [
              -111.930708,
              33.419831
            ],
            [
              -111.93071,
              33.419903
            ],
            [
              -111.930799,
              33.419901
            ],
            [
              -111.930803,
              33.420044
            ],
            [
              -111.930628,
              33.420047
            ]
          ]
        ]
      },
      "properties": {
        "BLDG_CODE": "NOBLE",
        "BLDG_NAME": "Noble Science Library",
        "Type": "Academic",
        "Image": null,
        "Shape__Area": 4.2686224333010614e-08
      }
    },
    {
      "type": "Feature",
      "geometry": {
        "type": "Polygon",
        "coordinates": [
          [
            [
              -111.927044,
              33.423007
            ],
            [
              -111.926906,
              33.423008
            ],
            [
              -111.926906,
              33.422977
            ],
            [
              -111.927044,
              33.422976
            ],
            [
              -111.927044,
              33.423007
            ]
          ]
        ]
      },
      "properties": {
        "BLDG_CODE": "NVS1",
        "BLDG_NAME": "777 Tower At Novus",
        "Type": "Academic",
        "Image": null,
        "Shape__Area": 4.270304998499341e-09
      }
    },
    {
      "type": "Feature",
      "geometry": {
        "type": "Polygon",
        "coordinates": [
          [
            [
              -111.931347,
              33.422532
            ],
            [
              -111.931234,
              33.422481
            ],
            [
              -111.93123,
              33.422384
            ],
            [
              -111.931382,
              33.422379
            ],
            [
              -111.931449,
              33.422468
            ],
            [
              -111.931347,
              33.422532
            ]
          ]
        ]
      },
      "properties": {
        "BLDG_CODE": "PABLO",
        "BLDG_NAME": "San Pablo Residence Hall (classroom)",
        "Type": "Housing",
        "Image": null,
        "Shape__Area": 2.3656184566789307e-08
      }
    },
    {
      "type": "Feature",
      "geometry": {
        "type": "Polygon",
        "coordinates": [
          [
            [
              -111.931149,
              33.423021
            ],
            [
              -111.931089,
              33.422992
            ],
            [
              -111.931078,
              33.423008
            ],
            [
              -111.930883,
              33.422914
            ],
            [
              -111.930893,
              33.422899
            ],
            [
              -111.930834,
              33.42287
            ],
            [
              -111.931068,
              33.422525
            ],
            [
              -111.931135,
              33.422557
            ],
            [
              -111.93114,
              33.42255
            ],
            [
              -111.931322,
              33.422637
            ],
            [
              -111.931317,
              33.422644
            ],
            [
              -111.931383,
              33.422676
            ],
            [
              -111.931149,
              33.423021
            ]
          ],
          [
            [
              -111.931119,
              33.422869
            ],
            [
              -111.931149,
              33.422825
            ],
            [
              -111.931181,
              33.42284
            ],
            [
              -111.931281,
              33.422686
            ],
            [
              -111.931106,
              33.422607
            ],
            [
              -111.93094,
              33.422866
            ],
            [
              -111.931114,
              33.422944
            ],
            [
              -111.931153,
              33.422885
            ],
            [
              -111.931119,
              33.422869
            ]
          ]
        ]
      },
      "properties": {
        "BLDG_CODE": "PABLO",
        "BLDG_NAME": "San Pablo Residence Hall",
        "Type": "Housing",
        "Image": null,
        "Shape__Area": 9.331233741249889e-08
      }
    },
    {
      "type": "Feature",
      "geometry": {
        "type": "Polygon",
        "coordinates": [
          [
            [
              -111.9279,
              33.427907
            ],
            [
              -111.927897,
              33.42764
            ],
            [
              -111.927783,
              33.427553
            ],
            [
              -111.927524,
              33.427555
            ],
            [
              -111.927522,
              33.427373
            ],
            [
              -111.927875,
              33.42737
            ],
            [
              -111.927925,
              33.427409
            ],
            [
              -111.928087,
              33.427534
            ],
            [
              -111.928136,
              33.427573
            ],
            [
              -111.928139,
              33.42788
            ],
            [
              -111.928019,
              33.427881
            ],
            [
              -111.927949,
              33.42788
            ],
            [
              -111.927949,
              33.427907
            ],
            [
              -111.9279,
              33.427907
            ]
          ]
        ]
      },
      "properties": {
        "BLDG_CODE": "PBS",
        "BLDG_NAME": "Packard Baseball Stadium",
        "Type": "Athletics",
        "Image": null,
        "Shape__Area": 1.7023671716742683e-07
      }
    },
    {
      "type": "Feature",
      "geometry": {
        "type": "Polygon",
        "coordinates": [
          [
            [
              -111.934478,
              33.415537
            ],
            [
              -111.934106,
              33.415539
            ],
            [
              -111.933368,
              33.415542
            ],
            [
              -111.933368,
              33.415527
            ],
            [
              -111.933357,
              33.41504
            ],
            [
              -111.933396,
              33.41504
            ],
            [
              -111.933418,
              33.41504
            ],
            [
              -111.934668,
              33.415031
            ],
            [
              -111.934673,
              33.41552
            ],
            [
              -111.934673,
              33.415535
            ],
            [
              -111.934478,
              33.415537
            ]
          ]
        ]
      },
      "properties": {
        "BLDG_CODE": "PS1",
        "BLDG_NAME": "Apache Blvd. Parking Structure (apache & College)",
        "Type": "Parking",
        "Image": null,
        "Shape__Area": 6.587622465303866e-07
      }
    },
    {
      "type": "Feature",
      "geometry": {
        "type": "Polygon",
        "coordinates": [
          [
            [
              -111.928662,
              33.420431
            ],
            [
              -111.928704,
              33.42043
            ],
            [
              -111.92871,
              33.421018
            ],
            [
              -111.928668,
              33.421019
            ],
            [
              -111.92864,
              33.421019
            ],
            [
              -111.92778,
              33.421025
            ],
            [
              -111.927778,
              33.420804
            ],
            [
              -111.927777,
              33.420693
            ],
            [
              -111.927774,
              33.420437
            ],
            [
              -111.928021,
              33.420435
            ],
            [
              -111.928044,
              33.420435
            ],
            [
              -111.928641,
              33.420431
            ],
            [
              -111.928662,
              33.420431
            ]
          ]
        ]
      },
      "properties": {
        "BLDG_CODE": "PS2",
        "BLDG_NAME": "Tyler Street Parking Structure (mcallister & Tyler)",
        "Type": "Parking",
        "Image": null,
        "Shape__Area": 5.47086528968066e-07
      }
    },
    {
      "type": "Feature",
      "geometry": {
        "type": "Polygon",
        "coordinates": [
          [
            [
              -111.937593,
              33.420663
            ],
            [
              -111.937588,
              33.420248
            ],
            [
              -111.937588,
              33.420201
            ],
            [
              -111.937584,
              33.419832
            ],
            [
              -111.93793,
              33.41983
            ],
            [
              -111.937933,
              33.42014
            ],
            [
              -111.93795,
              33.420139
            ],
            [
              -111.937952,
              33.420255
            ],
            [
              -111.937934,
              33.420255
            ],
            [
              -111.937938,
              33.420595
            ],
            [
              -111.937938,
              33.420618
            ],
            [
              -111.937939,
              33.420661
            ],
            [
              -111.937593,
              33.420663
            ]
          ]
        ]
      },
      "properties": {
        "BLDG_CODE": "PS3",
        "BLDG_NAME": "10th Street Parking Structure (myrtle Avenue)",
        "Type": "Parking",
        "Image": null,
        "Shape__Area": 2.892841166612925e-07
      }
    },
    {
      "type": "Feature",
      "geometry": {
        "type": "Polygon",
        "coordinates": [
          [
            [
              -111.927258,
              33.417925
            ],
            [
              -111.92726,
              33.417137
            ],
            [
              -111.92726,
              33.416956
            ],
            [
              -111.927827,
              33.416957
            ],
            [
              -111.927827,
              33.417004
            ],
            [
              -111.927825,
              33.417621
            ],
            [
              -111.927825,
              33.41766
            ],
            [
              -111.927824,
              33.417926
            ],
            [
              -111.927258,
              33.417925
            ]
          ]
        ]
      },
      "properties": {
        "BLDG_CODE": "PS4",
        "BLDG_NAME": "Rural Road Parking Structure (rural Road)",
        "Type": "Parking",
        "Image": null,
        "Shape__Area": 5.491024239745457e-07
      }
    },
    {
      "type": "Feature",
      "geometry": {
        "type": "Polygon",
        "coordinates": [
          [
            [
              -111.933588,
              33.424646
            ],
            [
              -111.933588,
              33.424602
            ],
            [
              -111.933098,
              33.424603
            ],
            [
              -111.9331,
              33.424446
            ],
            [
              -111.933012,
              33.424445
            ],
            [
              -111.933006,
              33.424289
            ],
            [
              -111.932677,
              33.424291
            ],
            [
              -111.932675,
              33.424127
            ],
            [
              -111.932603,
              33.424128
            ],
            [
              -111.932602,
              33.424021
            ],
            [
              -111.932532,
              33.424021
            ],
            [
              -111.932532,
              33.423963
            ],
            [
              -111.932526,
              33.423657
            ],
            [
              -111.933596,
              33.423654
            ],
            [
              -111.933605,
              33.423611
            ],
            [
              -111.933647,
              33.423611
            ],
            [
              -111.933649,
              33.424492
            ],
            [
              -111.933649,
              33.424543
            ],
            [
              -111.933649,
              33.424585
            ],
            [
              -111.933649,
              33.424602
            ],
            [
              -111.933644,
              33.424602
            ],
            [
              -111.933644,
              33.424646
            ],
            [
              -111.933588,
              33.424646
            ]
          ]
        ]
      },
      "properties": {
        "BLDG_CODE": "PS5",
        "BLDG_NAME": "Stadium Parking Structure (veterans Way)",
        "Type": "Parking",
        "Image": null,
        "Shape__Area": 8.683498435857473e-07
      }
    },
    {
      "type": "Feature",
      "geometry": {
        "type": "Polygon",
        "coordinates": [
          [
            [
              -111.928376,
              33.426008
            ],
            [
              -111.928371,
              33.425022
            ],
            [
              -111.928954,
              33.42502
            ],
            [
              -111.928953,
              33.424981
            ],
            [
              -111.928985,
              33.424981
            ],
            [
              -111.928986,
              33.425003
            ],
            [
              -111.929,
              33.425003
            ],
            [
              -111.929001,
              33.425022
            ],
            [
              -111.929018,
              33.425022
            ],
            [
              -111.929018,
              33.425038
            ],
            [
              -111.92904,
              33.425038
            ],
            [
              -111.92905,
              33.426003
            ],
            [
              -111.928376,
              33.426008
            ]
          ],
          [
            [
              -111.928572,
              33.425929
            ],
            [
              -111.928564,
              33.425116
            ],
            [
              -111.928453,
              33.425117
            ],
            [
              -111.928462,
              33.425929
            ],
            [
              -111.928572,
              33.425929
            ]
          ],
          [
            [
              -111.928891,
              33.425402
            ],
            [
              -111.928893,
              33.425635
            ],
            [
              -111.92885,
              33.425636
            ],
            [
              -111.928853,
              33.425927
            ],
            [
              -111.928963,
              33.425926
            ],
            [
              -111.928958,
              33.425402
            ],
            [
              -111.928891,
              33.425402
            ]
          ],
          [
            [
              -111.928762,
              33.425929
            ],
            [
              -111.928759,
              33.42563
            ],
            [
              -111.928709,
              33.425631
            ],
            [
              -111.928707,
              33.425408
            ],
            [
              -111.92865,
              33.425408
            ],
            [
              -111.928656,
              33.42593
            ],
            [
              -111.928762,
              33.425929
            ]
          ],
          [
            [
              -111.928839,
              33.425105
            ],
            [
              -111.928841,
              33.42533
            ],
            [
              -111.92895,
              33.42533
            ],
            [
              -111.928947,
              33.425105
            ],
            [
              -111.928839,
              33.425105
            ]
          ],
          [
            [
              -111.928655,
              33.425113
            ],
            [
              -111.928657,
              33.425326
            ],
            [
              -111.928768,
              33.425325
            ],
            [
              -111.928765,
              33.425112
            ],
            [
              -111.928655,
              33.425113
            ]
          ]
        ]
      },
      "properties": {
        "BLDG_CODE": "PS7",
        "BLDG_NAME": "Packard Drive South Parking Structure (packard & 6th)",
        "Type": "Parking",
        "Image": null,
        "Shape__Area": 4.325031568441773e-07
      }
    },
    {
      "type": "Feature",
      "geometry": {
        "type": "Polygon",
        "coordinates": [
          [
            [
              -111.931929,
              33.420809
            ],
            [
              -111.931929,
              33.420773
            ],
            [
              -111.932019,
              33.420773
            ],
            [
              -111.932019,
              33.420809
            ],
            [
              -111.931929,
              33.420809
            ]
          ]
        ]
      },
      "properties": {
        "BLDG_CODE": "PSB",
        "BLDG_NAME": "Bateman Physical Sciences Center B",
        "Type": "Academic",
        "Image": null,
        "Shape__Area": 3.2600837585050613e-09
      }
    },
    {
      "type": "Feature",
      "geometry": {
        "type": "Polygon",
        "coordinates": [
          [
            [
              -111.932485,
              33.421071
            ],
            [
              -111.932485,
              33.421038
            ],
            [
              -111.932526,
              33.421038
            ],
            [
              -111.932526,
              33.421086
            ],
            [
              -111.932485,
              33.421086
            ],
            [
              -111.932485,
              33.421071
            ]
          ]
        ]
      },
      "properties": {
        "BLDG_CODE": "PSC",
        "BLDG_NAME": "Physical Sciences C Outdoor Room",
        "Type": "Academic",
        "Image": null,
        "Shape__Area": 1.973148755496368e-09
      }
    },
    {
      "type": "Feature",
      "geometry": {
        "type": "Polygon",
        "coordinates": [
          [
            [
              -111.932171,
              33.421084
            ],
            [
              -111.93217,
              33.42103
            ],
            [
              -111.932247,
              33.42103
            ],
            [
              -111.932247,
              33.421069
            ],
            [
              -111.932247,
              33.421084
            ],
            [
              -111.932171,
              33.421084
            ]
          ]
        ]
      },
      "properties": {
        "BLDG_CODE": "PSC",
        "BLDG_NAME": "Bateman Physical Sciences Center C",
        "Type": "Academic",
        "Image": null,
        "Shape__Area": 4.119101504329592e-09
      }
    },
    {
      "type": "Feature",
      "geometry": {
        "type": "Polygon",
        "coordinates": [
          [
            [
              -111.931766,
              33.421435
            ],
            [
              -111.931764,
              33.421113
            ],
            [
              -111.931764,
              33.421061
            ],
            [
              -111.931763,
              33.421032
            ],
            [
              -111.932069,
              33.421031
            ],
            [
              -111.932069,
              33.421066
            ],
            [
              -111.932126,
              33.421066
            ],
            [
              -111.932126,
              33.42103
            ],
            [
              -111.93217,
              33.42103
            ],
            [
              -111.932171,
              33.421084
            ],
            [
              -111.932247,
              33.421084
            ],
            [
              -111.932247,
              33.421069
            ],
            [
              -111.932292,
              33.421069
            ],
            [
              -111.932292,
              33.42103
            ],
            [
              -111.932305,
              33.42103
            ],
            [
              -111.932304,
              33.42092
            ],
            [
              -111.931954,
              33.420922
            ],
            [
              -111.931953,
              33.420825
            ],
            [
              -111.931828,
              33.420825
            ],
            [
              -111.931792,
              33.420851
            ],
            [
              -111.93176,
              33.420852
            ],
            [
              -111.93176,
              33.420836
            ],
            [
              -111.93176,
              33.420794
            ],
            [
              -111.93176,
              33.420774
            ],
            [
              -111.931929,
              33.420773
            ],
            [
              -111.931929,
              33.420809
            ],
            [
              -111.932019,
              33.420809
            ],
            [
              -111.932019,
              33.420773
            ],
            [
              -111.932303,
              33.420772
            ],
            [
              -111.932303,
              33.420747
            ],
            [
              -111.932303,
              33.420694
            ],
            [
              -111.932262,
              33.420694
            ],
            [
              -111.932262,
              33.420673
            ],
            [
              -111.932189,
              33.420673
            ],
            [
              -111.932189,
              33.420649
            ],
            [
              -111.932172,
              33.420649
            ],
            [
              -111.932172,
              33.420613
            ],
            [
              -111.932171,
              33.420584
            ],
            [
              -111.932189,
              33.420584
            ],
            [
              -111.932188,
              33.420524
            ],
            [
              -111.932232,
              33.420524
            ],
            [
              -111.932232,
              33.420499
            ],
            [
              -111.93226,
              33.420499
            ],
            [
              -111.93226,
              33.420488
            ],
            [
              -111.93226,
              33.420449
            ],
            [
              -111.93248,
              33.420448
            ],
            [
              -111.93248,
              33.420517
            ],
            [
              -111.932518,
              33.420517
            ],
            [
              -111.93256,
              33.420517
            ],
            [
              -111.932561,
              33.420695
            ],
            [
              -111.932482,
              33.420695
            ],
            [
              -111.932482,
              33.420734
            ],
            [
              -111.932483,
              33.420734
            ],
            [
              -111.932524,
              33.420733
            ],
            [
              -111.932524,
              33.420774
            ],
            [
              -111.932483,
              33.420774
            ],
            [
              -111.932483,
              33.420844
            ],
            [
              -111.932484,
              33.42087
            ],
            [
              -111.932388,
              33.42087
            ],
            [
              -111.932389,
              33.421031
            ],
            [
              -111.932485,
              33.42103
            ],
            [
              -111.932485,
              33.421038
            ],
            [
              -111.932485,
              33.421071
            ],
            [
              -111.932485,
              33.421086
            ],
            [
              -111.932485,
              33.4211
            ],
            [
              -111.932487,
              33.421289
            ],
            [
              -111.932488,
              33.421431
            ],
            [
              -111.932416,
              33.421431
            ],
            [
              -111.932357,
              33.421432
            ],
            [
              -111.932068,
              33.421433
            ],
            [
              -111.931766,
              33.421435
            ]
          ],
          [
            [
              -111.932252,
              33.421344
            ],
            [
              -111.932252,
              33.421329
            ],
            [
              -111.932317,
              33.421329
            ],
            [
              -111.932317,
              33.421289
            ],
            [
              -111.932067,
              33.421291
            ],
            [
              -111.932068,
              33.421345
            ],
            [
              -111.932252,
              33.421344
            ]
          ],
          [
            [
              -111.932445,
              33.421072
            ],
            [
              -111.932349,
              33.421072
            ],
            [
              -111.932349,
              33.421101
            ],
            [
              -111.932445,
              33.4211
            ],
            [
              -111.932445,
              33.421072
            ]
          ],
          [
            [
              -111.932356,
              33.420747
            ],
            [
              -111.932356,
              33.420693
            ],
            [
              -111.932321,
              33.420694
            ],
            [
              -111.932322,
              33.420747
            ],
            [
              -111.932356,
              33.420747
            ]
          ]
        ]
      },
      "properties": {
        "BLDG_CODE": "PSD",
        "BLDG_NAME": "Bateman Physical Sciences Center D",
        "Type": "Academic",
        "Image": null,
        "Shape__Area": 4.5224624045658857e-07
      }
    },
    {
      "type": "Feature",
      "geometry": {
        "type": "Polygon",
        "coordinates": [
          [
            [
              -111.932343,
              33.421699
            ],
            [
              -111.932343,
              33.421657
            ],
            [
              -111.932362,
              33.421657
            ],
            [
              -111.932362,
              33.421636
            ],
            [
              -111.932362,
              33.421627
            ],
            [
              -111.93244,
              33.421626
            ],
            [
              -111.93244,
              33.421655
            ],
            [
              -111.932383,
              33.421656
            ],
            [
              -111.932383,
              33.421673
            ],
            [
              -111.932436,
              33.421673
            ],
            [
              -111.932436,
              33.421698
            ],
            [
              -111.932362,
              33.421698
            ],
            [
              -111.932343,
              33.421699
            ]
          ]
        ]
      },
      "properties": {
        "BLDG_CODE": "PSE",
        "BLDG_NAME": "Bateman Physical Sciences Center E",
        "Type": "Academic",
        "Image": null,
        "Shape__Area": 5.317815521266311e-09
      }
    },
    {
      "type": "Feature",
      "geometry": {
        "type": "Polygon",
        "coordinates": [
          [
            [
              -111.931359,
              33.420971
            ],
            [
              -111.931314,
              33.420971
            ],
            [
              -111.931314,
              33.420998
            ],
            [
              -111.9312,
              33.420998
            ],
            [
              -111.931199,
              33.420889
            ],
            [
              -111.931596,
              33.420887
            ],
            [
              -111.931597,
              33.420969
            ],
            [
              -111.931597,
              33.420996
            ],
            [
              -111.931359,
              33.420998
            ],
            [
              -111.931359,
              33.420971
            ]
          ]
        ]
      },
      "properties": {
        "BLDG_CODE": "PSF",
        "BLDG_NAME": "Bateman Physical Sciences Center F",
        "Type": "Academic",
        "Image": null,
        "Shape__Area": 4.227376848575659e-08
      }
    },
    {
      "type": "Feature",
      "geometry": {
        "type": "Polygon",
        "coordinates": [
          [
            [
              -111.931449,
              33.421443
            ],
            [
              -111.931448,
              33.421285
            ],
            [
              -111.931576,
              33.421284
            ],
            [
              -111.93166,
              33.421284
            ],
            [
              -111.931672,
              33.421284
            ],
            [
              -111.931673,
              33.421395
            ],
            [
              -111.931674,
              33.421494
            ],
            [
              -111.931475,
              33.421495
            ],
            [
              -111.931474,
              33.421442
            ],
            [
              -111.931449,
              33.421443
            ]
          ]
        ]
      },
      "properties": {
        "BLDG_CODE": "PSG",
        "BLDG_NAME": "Bateman Chemical Storage Building (g)",
        "Type": "Infrastructure",
        "Image": null,
        "Shape__Area": 4.5876731746830046e-08
      }
    },
    {
      "type": "Feature",
      "geometry": {
        "type": "Polygon",
        "coordinates": [
          [
            [
              -111.931829,
              33.421735
            ],
            [
              -111.931406,
              33.421737
            ],
            [
              -111.931404,
              33.421552
            ],
            [
              -111.931616,
              33.421551
            ],
            [
              -111.931617,
              33.421615
            ],
            [
              -111.931759,
              33.421614
            ],
            [
              -111.931759,
              33.421678
            ],
            [
              -111.931829,
              33.421677
            ],
            [
              -111.931828,
              33.421564
            ],
            [
              -111.931828,
              33.421549
            ],
            [
              -111.931894,
              33.421548
            ],
            [
              -111.931893,
              33.42151
            ],
            [
              -111.931893,
              33.421504
            ],
            [
              -111.931893,
              33.421494
            ],
            [
              -111.932244,
              33.421493
            ],
            [
              -111.932251,
              33.421492
            ],
            [
              -111.932251,
              33.421502
            ],
            [
              -111.932251,
              33.421546
            ],
            [
              -111.932252,
              33.421604
            ],
            [
              -111.932272,
              33.421604
            ],
            [
              -111.932272,
              33.421624
            ],
            [
              -111.93232,
              33.421623
            ],
            [
              -111.932321,
              33.421627
            ],
            [
              -111.932321,
              33.421636
            ],
            [
              -111.932321,
              33.421663
            ],
            [
              -111.932272,
              33.421663
            ],
            [
              -111.932252,
              33.421663
            ],
            [
              -111.932245,
              33.421663
            ],
            [
              -111.932245,
              33.421633
            ],
            [
              -111.932187,
              33.421633
            ],
            [
              -111.932111,
              33.421633
            ],
            [
              -111.932044,
              33.421634
            ],
            [
              -111.931975,
              33.421634
            ],
            [
              -111.931976,
              33.421734
            ],
            [
              -111.931829,
              33.421735
            ]
          ]
        ]
      },
      "properties": {
        "BLDG_CODE": "PSH",
        "BLDG_NAME": "Bateman Physical Sciences Center H",
        "Type": "Academic",
        "Image": null,
        "Shape__Area": 1.3419753486232366e-07
      }
    },
    {
      "type": "Feature",
      "geometry": {
        "type": "Polygon",
        "coordinates": [
          [
            [
              -111.929274,
              33.419957
            ],
            [
              -111.929218,
              33.419958
            ],
            [
              -111.929219,
              33.420029
            ],
            [
              -111.929156,
              33.42003
            ],
            [
              -111.929156,
              33.419958
            ],
            [
              -111.929126,
              33.419958
            ],
            [
              -111.929126,
              33.419891
            ],
            [
              -111.929155,
              33.419891
            ],
            [
              -111.929202,
              33.41989
            ],
            [
              -111.929224,
              33.41989
            ],
            [
              -111.929223,
              33.419749
            ],
            [
              -111.929494,
              33.419747
            ],
            [
              -111.929552,
              33.419747
            ],
            [
              -111.929575,
              33.419747
            ],
            [
              -111.929619,
              33.419746
            ],
            [
              -111.929877,
              33.419744
            ],
            [
              -111.929878,
              33.419885
            ],
            [
              -111.929903,
              33.419885
            ],
            [
              -111.929966,
              33.419885
            ],
            [
              -111.929967,
              33.419952
            ],
            [
              -111.929944,
              33.419952
            ],
            [
              -111.929945,
              33.420022
            ],
            [
              -111.929866,
              33.420022
            ],
            [
              -111.929866,
              33.419953
            ],
            [
              -111.929816,
              33.419953
            ],
            [
              -111.929792,
              33.419953
            ],
            [
              -111.929793,
              33.420049
            ],
            [
              -111.929298,
              33.420053
            ],
            [
              -111.929297,
              33.419957
            ],
            [
              -111.929274,
              33.419957
            ]
          ]
        ]
      },
      "properties": {
        "BLDG_CODE": "PSY",
        "BLDG_NAME": "Psychology Bldg.",
        "Type": "Academic",
        "Image": null,
        "Shape__Area": 2.0643119569285773e-07
      }
    },
    {
      "type": "Feature",
      "geometry": {
        "type": "Polygon",
        "coordinates": [
          [
            [
              -111.929195,
              33.420784
            ],
            [
              -111.929192,
              33.420513
            ],
            [
              -111.929906,
              33.420507
            ],
            [
              -111.929909,
              33.420779
            ],
            [
              -111.929195,
              33.420784
            ]
          ],
          [
            [
              -111.929653,
              33.420694
            ],
            [
              -111.929653,
              33.420635
            ],
            [
              -111.929547,
              33.420636
            ],
            [
              -111.929548,
              33.420695
            ],
            [
              -111.929653,
              33.420694
            ]
          ]
        ]
      },
      "properties": {
        "BLDG_CODE": "PSYN",
        "BLDG_NAME": "Psychology North",
        "Type": "Academic",
        "Image": null,
        "Shape__Area": 1.8749528862826992e-07
      }
    },
    {
      "type": "Feature",
      "geometry": {
        "type": "Polygon",
        "coordinates": [
          [
            [
              -111.932001,
              33.422509
            ],
            [
              -111.932011,
              33.422493
            ],
            [
              -111.932064,
              33.422461
            ],
            [
              -111.932264,
              33.422454
            ],
            [
              -111.932262,
              33.422508
            ],
            [
              -111.932259,
              33.422507
            ],
            [
              -111.932256,
              33.422505
            ],
            [
              -111.932254,
              33.422504
            ],
            [
              -111.932251,
              33.422503
            ],
            [
              -111.932248,
              33.422502
            ],
            [
              -111.932245,
              33.422501
            ],
            [
              -111.932242,
              33.422501
            ],
            [
              -111.932239,
              33.4225
            ],
            [
              -111.932236,
              33.422499
            ],
            [
              -111.932233,
              33.422498
            ],
            [
              -111.93223,
              33.422497
            ],
            [
              -111.932227,
              33.422497
            ],
            [
              -111.932224,
              33.422496
            ],
            [
              -111.932221,
              33.422496
            ],
            [
              -111.932218,
              33.422495
            ],
            [
              -111.932215,
              33.422495
            ],
            [
              -111.932212,
              33.422494
            ],
            [
              -111.932209,
              33.422494
            ],
            [
              -111.932206,
              33.422493
            ],
            [
              -111.932203,
              33.422493
            ],
            [
              -111.9322,
              33.422493
            ],
            [
              -111.932196,
              33.422492
            ],
            [
              -111.932193,
              33.422492
            ],
            [
              -111.93219,
              33.422492
            ],
            [
              -111.932187,
              33.422492
            ],
            [
              -111.932184,
              33.422492
            ],
            [
              -111.932181,
              33.422492
            ],
            [
              -111.932178,
              33.422492
            ],
            [
              -111.932175,
              33.422492
            ],
            [
              -111.932172,
              33.422492
            ],
            [
              -111.932169,
              33.422492
            ],
            [
              -111.932165,
              33.422493
            ],
            [
              -111.932162,
              33.422493
            ],
            [
              -111.932159,
              33.422493
            ],
            [
              -111.932156,
              33.422494
            ],
            [
              -111.932153,
              33.422494
            ],
            [
              -111.93215,
              33.422495
            ],
            [
              -111.932147,
              33.422495
            ],
            [
              -111.932144,
              33.422496
            ],
            [
              -111.932141,
              33.422496
            ],
            [
              -111.932138,
              33.422497
            ],
            [
              -111.932135,
              33.422497
            ],
            [
              -111.932132,
              33.422498
            ],
            [
              -111.932129,
              33.422499
            ],
            [
              -111.932126,
              33.4225
            ],
            [
              -111.932123,
              33.422501
            ],
            [
              -111.93212,
              33.422501
            ],
            [
              -111.932117,
              33.422502
            ],
            [
              -111.932114,
              33.422503
            ],
            [
              -111.932111,
              33.422504
            ],
            [
              -111.932109,
              33.422505
            ],
            [
              -111.932106,
              33.422507
            ],
            [
              -111.932103,
              33.422508
            ],
            [
              -111.9321,
              33.422509
            ],
            [
              -111.932097,
              33.42251
            ],
            [
              -111.932095,
              33.422511
            ],
            [
              -111.932092,
              33.422513
            ],
            [
              -111.932089,
              33.422514
            ],
            [
              -111.932087,
              33.422515
            ],
            [
              -111.932084,
              33.422517
            ],
            [
              -111.932082,
              33.422518
            ],
            [
              -111.932079,
              33.42252
            ],
            [
              -111.932077,
              33.422521
            ],
            [
              -111.932074,
              33.422523
            ],
            [
              -111.932072,
              33.422525
            ],
            [
              -111.932069,
              33.422526
            ],
            [
              -111.932067,
              33.422528
            ],
            [
              -111.932064,
              33.42253
            ],
            [
              -111.932062,
              33.422531
            ],
            [
              -111.93206,
              33.422533
            ],
            [
              -111.932058,
              33.422535
            ],
            [
              -111.932055,
              33.422537
            ],
            [
              -111.932053,
              33.422539
            ],
            [
              -111.932001,
              33.422509
            ]
          ]
        ]
      },
      "properties": {
        "BLDG_CODE": "PVE",
        "BLDG_NAME": "Palo Verde East (f)",
        "Type": "Housing",
        "Image": null,
        "Shape__Area": 1.1387555787223391e-08
      }
    },
    {
      "type": "Feature",
      "geometry": {
        "type": "Polygon",
        "coordinates": [
          [
            [
              -111.933356,
              33.422516
            ],
            [
              -111.933356,
              33.42245
            ],
            [
              -111.933532,
              33.422451
            ],
            [
              -111.93355,
              33.422451
            ],
            [
              -111.933598,
              33.422474
            ],
            [
              -111.93363,
              33.422522
            ],
            [
              -111.933622,
              33.422527
            ],
            [
              -111.933598,
              33.422541
            ],
            [
              -111.933565,
              33.42256
            ],
            [
              -111.933546,
              33.422542
            ],
            [
              -111.933523,
              33.422526
            ],
            [
              -111.933498,
              33.422514
            ],
            [
              -111.93347,
              33.422506
            ],
            [
              -111.933441,
              33.422502
            ],
            [
              -111.933412,
              33.422503
            ],
            [
              -111.933383,
              33.422507
            ],
            [
              -111.933356,
              33.422516
            ]
          ]
        ]
      },
      "properties": {
        "BLDG_CODE": "PVW",
        "BLDG_NAME": "Palo Verde West (g)",
        "Type": "Academic",
        "Image": null,
        "Shape__Area": 1.7364754967275076e-08
      }
    },
    {
      "type": "Feature",
      "geometry": {
        "type": "Polygon",
        "coordinates": [
          [
            [
              -111.933062,
              33.420476
            ],
            [
              -111.933092,
              33.420475
            ],
            [
              -111.933093,
              33.420515
            ],
            [
              -111.933093,
              33.420584
            ],
            [
              -111.933045,
              33.420584
            ],
            [
              -111.932938,
              33.420585
            ],
            [
              -111.932937,
              33.420476
            ],
            [
              -111.933062,
              33.420476
            ]
          ]
        ]
      },
      "properties": {
        "BLDG_CODE": "PWH",
        "BLDG_NAME": "Piper Writers House",
        "Type": "Academic",
        "Image": null,
        "Shape__Area": 1.6839749150676653e-08
      }
    },
    {
      "type": "Feature",
      "geometry": {
        "type": "Polygon",
        "coordinates": [
          [
            [
              -111.929511,
              33.417057
            ],
            [
              -111.92983,
              33.417054
            ],
            [
              -111.929822,
              33.417072
            ],
            [
              -111.929795,
              33.4171
            ],
            [
              -111.929759,
              33.417127
            ],
            [
              -111.929725,
              33.417143
            ],
            [
              -111.929672,
              33.417147
            ],
            [
              -111.929636,
              33.417146
            ],
            [
              -111.929585,
              33.417133
            ],
            [
              -111.929552,
              33.417103
            ],
            [
              -111.929514,
              33.417069
            ],
            [
              -111.929511,
              33.417057
            ]
          ]
        ]
      },
      "properties": {
        "BLDG_CODE": "RBHL",
        "BLDG_NAME": "Ross-blakley Hall",
        "Type": "Academic",
        "Image": null,
        "Shape__Area": 2.122237674484495e-08
      }
    },
    {
      "type": "Feature",
      "geometry": {
        "type": "Polygon",
        "coordinates": [
          [
            [
              -111.927588,
              33.424724
            ],
            [
              -111.927641,
              33.424723
            ],
            [
              -111.927698,
              33.424723
            ],
            [
              -111.9277,
              33.424928
            ],
            [
              -111.927685,
              33.424928
            ],
            [
              -111.927581,
              33.424928
            ],
            [
              -111.927568,
              33.424928
            ],
            [
              -111.927566,
              33.424724
            ],
            [
              -111.927588,
              33.424724
            ]
          ]
        ]
      },
      "properties": {
        "BLDG_CODE": "RFPF",
        "BLDG_NAME": "Robson Family Player Facility",
        "Type": "Academic",
        "Image": null,
        "Shape__Area": 2.6958332455251366e-08
      }
    },
    {
      "type": "Feature",
      "geometry": {
        "type": "Polygon",
        "coordinates": [
          [
            [
              -111.934077,
              33.422908
            ],
            [
              -111.934062,
              33.422618
            ],
            [
              -111.934341,
              33.422608
            ],
            [
              -111.934416,
              33.422605
            ],
            [
              -111.93455,
              33.4226
            ],
            [
              -111.934565,
              33.422599
            ],
            [
              -111.934668,
              33.422595
            ],
            [
              -111.934684,
              33.422885
            ],
            [
              -111.9347,
              33.423197
            ],
            [
              -111.934705,
              33.423283
            ],
            [
              -111.934712,
              33.423413
            ],
            [
              -111.934092,
              33.423437
            ],
            [
              -111.934077,
              33.422908
            ]
          ]
        ]
      },
      "properties": {
        "BLDG_CODE": "RP01",
        "BLDG_NAME": "Fulton Center Parking Structure",
        "Type": "Parking",
        "Image": null,
        "Shape__Area": 5.004937975172652e-07
      }
    },
    {
      "type": "Feature",
      "geometry": {
        "type": "Polygon",
        "coordinates": [
          [
            [
              -111.938776,
              33.423954
            ],
            [
              -111.938775,
              33.423839
            ],
            [
              -111.938819,
              33.423802
            ],
            [
              -111.93905,
              33.4238
            ],
            [
              -111.939099,
              33.423836
            ],
            [
              -111.9391,
              33.423952
            ],
            [
              -111.939084,
              33.423952
            ],
            [
              -111.938776,
              33.423954
            ]
          ],
          [
            [
              -111.938972,
              33.423908
            ],
            [
              -111.938971,
              33.423824
            ],
            [
              -111.938907,
              33.423824
            ],
            [
              -111.938908,
              33.423909
            ],
            [
              -111.938972,
              33.423908
            ]
          ]
        ]
      },
      "properties": {
        "BLDG_CODE": "RP02",
        "BLDG_NAME": "Brickyard Parking Garage",
        "Type": "Parking",
        "Image": null,
        "Shape__Area": 4.212824933347292e-08
      }
    },
    {
      "type": "Feature",
      "geometry": {
        "type": "Polygon",
        "coordinates": [
          [
            [
              -111.928641,
              33.421302
            ],
            [
              -111.92878,
              33.421301
            ],
            [
              -111.928785,
              33.421798
            ],
            [
              -111.928592,
              33.421799
            ],
            [
              -111.928576,
              33.4218
            ],
            [
              -111.928571,
              33.421302
            ],
            [
              -111.928587,
              33.421302
            ],
            [
              -111.928641,
              33.421302
            ]
          ]
        ]
      },
      "properties": {
        "BLDG_CODE": "RSS1",
        "BLDG_NAME": "Research Support Services 1",
        "Type": "Research",
        "Image": null,
        "Shape__Area": 1.0393523552920669e-07
      }
    },
    {
      "type": "Feature",
      "geometry": {
        "type": "Polygon",
        "coordinates": [
          [
            [
              -111.926551,
              33.41612
            ],
            [
              -111.926546,
              33.415699
            ],
            [
              -111.926528,
              33.415699
            ],
            [
              -111.926525,
              33.415357
            ],
            [
              -111.926563,
              33.415357
            ],
            [
              -111.926607,
              33.415357
            ],
            [
              -111.926608,
              33.415414
            ],
            [
              -111.926681,
              33.415414
            ],
            [
              -111.926684,
              33.41569
            ],
            [
              -111.926696,
              33.41569
            ],
            [
              -111.9267,
              33.416015
            ],
            [
              -111.926703,
              33.416047
            ],
            [
              -111.926704,
              33.41618
            ],
            [
              -111.926678,
              33.41618
            ],
            [
              -111.926681,
              33.41646
            ],
            [
              -111.926682,
              33.416565
            ],
            [
              -111.926682,
              33.416623
            ],
            [
              -111.926595,
              33.416624
            ],
            [
              -111.926595,
              33.416653
            ],
            [
              -111.926524,
              33.416654
            ],
            [
              -111.926518,
              33.41612
            ],
            [
              -111.926551,
              33.41612
            ]
          ]
        ]
      },
      "properties": {
        "BLDG_CODE": "RWHAL",
        "BLDG_NAME": "Barrett College Rosewood Hall",
        "Type": "Housing",
        "Image": null,
        "Shape__Area": 1.9639264792203903e-07
      }
    },
    {
      "type": "Feature",
      "geometry": {
        "type": "Polygon",
        "coordinates": [
          [
            [
              -111.922046,
              33.427882
            ],
            [
              -111.922339,
              33.427948
            ],
            [
              -111.922057,
              33.428058
            ],
            [
              -111.922002,
              33.428027
            ],
            [
              -111.922026,
              33.427997
            ],
            [
              -111.922024,
              33.42797
            ],
            [
              -111.921993,
              33.427935
            ],
            [
              -111.922046,
              33.427882
            ]
          ]
        ]
      },
      "properties": {
        "BLDG_CODE": "SAC",
        "BLDG_NAME": "Sun Angel Clubhouse",
        "Type": "Academic",
        "Image": null,
        "Shape__Area": 3.113154889433645e-08
      }
    },
    {
      "type": "Feature",
      "geometry": {
        "type": "Polygon",
        "coordinates": [
          [
            [
              -111.932394,
              33.427541
            ],
            [
              -111.932427,
              33.427429
            ],
            [
              -111.932414,
              33.427427
            ],
            [
              -111.932417,
              33.427416
            ],
            [
              -111.932127,
              33.427355
            ],
            [
              -111.932113,
              33.427352
            ],
            [
              -111.932065,
              33.427513
            ],
            [
              -111.931974,
              33.427494
            ],
            [
              -111.931978,
              33.42748
            ],
            [
              -111.932019,
              33.427344
            ],
            [
              -111.931926,
              33.427325
            ],
            [
              -111.931847,
              33.427282
            ],
            [
              -111.931941,
              33.42716
            ],
            [
              -111.931973,
              33.427181
            ],
            [
              -111.932334,
              33.427259
            ],
            [
              -111.932632,
              33.427321
            ],
            [
              -111.932706,
              33.427319
            ],
            [
              -111.93271,
              33.427465
            ],
            [
              -111.932607,
              33.427467
            ],
            [
              -111.932521,
              33.427449
            ],
            [
              -111.932487,
              33.427561
            ],
            [
              -111.93248,
              33.427586
            ],
            [
              -111.932476,
              33.4276
            ],
            [
              -111.932382,
              33.42758
            ],
            [
              -111.932394,
              33.427541
            ]
          ]
        ]
      },
      "properties": {
        "BLDG_CODE": "SAF",
        "BLDG_NAME": "Student Athlete Facility",
        "Type": "Athletics",
        "Image": null,
        "Shape__Area": 1.4998090591689106e-07
      }
    },
    {
      "type": "Feature",
      "geometry": {
        "type": "Polygon",
        "coordinates": [
          [
            [
              -111.930508,
              33.419382
            ],
            [
              -111.930508,
              33.419339
            ],
            [
              -111.930448,
              33.41934
            ],
            [
              -111.930447,
              33.419281
            ],
            [
              -111.930283,
              33.419282
            ],
            [
              -111.930283,
              33.419268
            ],
            [
              -111.930278,
              33.418746
            ],
            [
              -111.930336,
              33.418745
            ],
            [
              -111.930336,
              33.418757
            ],
            [
              -111.930432,
              33.418757
            ],
            [
              -111.930432,
              33.418719
            ],
            [
              -111.930495,
              33.418718
            ],
            [
              -111.930495,
              33.418704
            ],
            [
              -111.930494,
              33.418621
            ],
            [
              -111.930876,
              33.418618
            ],
            [
              -111.930879,
              33.418924
            ],
            [
              -111.930786,
              33.418924
            ],
            [
              -111.930787,
              33.418971
            ],
            [
              -111.930787,
              33.418976
            ],
            [
              -111.930733,
              33.418977
            ],
            [
              -111.930734,
              33.419062
            ],
            [
              -111.930744,
              33.419062
            ],
            [
              -111.930754,
              33.419062
            ],
            [
              -111.930762,
              33.419062
            ],
            [
              -111.930763,
              33.419114
            ],
            [
              -111.930802,
              33.419114
            ],
            [
              -111.930803,
              33.419207
            ],
            [
              -111.930807,
              33.41938
            ],
            [
              -111.930807,
              33.419385
            ],
            [
              -111.930508,
              33.419387
            ],
            [
              -111.930508,
              33.419382
            ]
          ],
          [
            [
              -111.930575,
              33.419254
            ],
            [
              -111.930573,
              33.419133
            ],
            [
              -111.930542,
              33.419133
            ],
            [
              -111.930542,
              33.419153
            ],
            [
              -111.930502,
              33.419154
            ],
            [
              -111.930501,
              33.419133
            ],
            [
              -111.930483,
              33.419133
            ],
            [
              -111.930482,
              33.419088
            ],
            [
              -111.930466,
              33.419088
            ],
            [
              -111.930465,
              33.419038
            ],
            [
              -111.930385,
              33.419039
            ],
            [
              -111.930386,
              33.419132
            ],
            [
              -111.930404,
              33.419132
            ],
            [
              -111.930404,
              33.419162
            ],
            [
              -111.930475,
              33.419162
            ],
            [
              -111.930475,
              33.419219
            ],
            [
              -111.930492,
              33.419218
            ],
            [
              -111.930494,
              33.419254
            ],
            [
              -111.930575,
              33.419254
            ]
          ],
          [
            [
              -111.93063,
              33.418918
            ],
            [
              -111.93063,
              33.418841
            ],
            [
              -111.93052,
              33.418842
            ],
            [
              -111.930521,
              33.418918
            ],
            [
              -111.93063,
              33.418918
            ]
          ]
        ]
      },
      "properties": {
        "BLDG_CODE": "SCOB",
        "BLDG_NAME": "Schwada Classroom Office Bldg.",
        "Type": "Academic",
        "Image": null,
        "Shape__Area": 3.390673555259127e-07
      }
    },
    {
      "type": "Feature",
      "geometry": {
        "type": "Polygon",
        "coordinates": [
          [
            [
              -111.930336,
              33.418745
            ],
            [
              -111.930336,
              33.41872
            ],
            [
              -111.930432,
              33.418719
            ],
            [
              -111.930432,
              33.418757
            ],
            [
              -111.930336,
              33.418757
            ],
            [
              -111.930336,
              33.418745
            ]
          ]
        ]
      },
      "properties": {
        "BLDG_CODE": "SCOB",
        "BLDG_NAME": "Schwada Outdoor Room",
        "Type": "Academic",
        "Image": null,
        "Shape__Area": 3.6238816392142326e-09
      }
    },
    {
      "type": "Feature",
      "geometry": {
        "type": "Polygon",
        "coordinates": [
          [
            [
              -111.93251,
              33.415851
            ],
            [
              -111.932509,
              33.415822
            ],
            [
              -111.932309,
              33.415823
            ],
            [
              -111.932309,
              33.415841
            ],
            [
              -111.93231,
              33.415855
            ],
            [
              -111.932087,
              33.415857
            ],
            [
              -111.931978,
              33.415858
            ],
            [
              -111.931784,
              33.415859
            ],
            [
              -111.931784,
              33.415845
            ],
            [
              -111.931783,
              33.415704
            ],
            [
              -111.931783,
              33.415685
            ],
            [
              -111.931745,
              33.415686
            ],
            [
              -111.931745,
              33.415722
            ],
            [
              -111.931746,
              33.415814
            ],
            [
              -111.931704,
              33.415814
            ],
            [
              -111.931704,
              33.415839
            ],
            [
              -111.931484,
              33.415841
            ],
            [
              -111.93148,
              33.41547
            ],
            [
              -111.931685,
              33.415468
            ],
            [
              -111.931687,
              33.415646
            ],
            [
              -111.931705,
              33.415646
            ],
            [
              -111.931705,
              33.415488
            ],
            [
              -111.932145,
              33.415487
            ],
            [
              -111.932318,
              33.415486
            ],
            [
              -111.932367,
              33.415486
            ],
            [
              -111.932366,
              33.415402
            ],
            [
              -111.932364,
              33.415232
            ],
            [
              -111.932396,
              33.415232
            ],
            [
              -111.932396,
              33.4152
            ],
            [
              -111.932396,
              33.415159
            ],
            [
              -111.932405,
              33.415159
            ],
            [
              -111.932405,
              33.415127
            ],
            [
              -111.932582,
              33.415126
            ],
            [
              -111.932581,
              33.41512
            ],
            [
              -111.932601,
              33.41512
            ],
            [
              -111.932601,
              33.415171
            ],
            [
              -111.932527,
              33.415172
            ],
            [
              -111.932533,
              33.415676
            ],
            [
              -111.932684,
              33.415675
            ],
            [
              -111.932683,
              33.415606
            ],
            [
              -111.932679,
              33.415206
            ],
            [
              -111.932753,
              33.415205
            ],
            [
              -111.932823,
              33.415205
            ],
            [
              -111.932978,
              33.415204
            ],
            [
              -111.93298,
              33.415338
            ],
            [
              -111.93298,
              33.41543
            ],
            [
              -111.933073,
              33.41543
            ],
            [
              -111.933074,
              33.415462
            ],
            [
              -111.933074,
              33.415525
            ],
            [
              -111.933076,
              33.415672
            ],
            [
              -111.933156,
              33.415671
            ],
            [
              -111.933159,
              33.415927
            ],
            [
              -111.932744,
              33.415931
            ],
            [
              -111.932743,
              33.415842
            ],
            [
              -111.932717,
              33.415842
            ],
            [
              -111.932717,
              33.415867
            ],
            [
              -111.932614,
              33.415868
            ],
            [
              -111.932614,
              33.415843
            ],
            [
              -111.932576,
              33.415843
            ],
            [
              -111.932576,
              33.415818
            ],
            [
              -111.932553,
              33.415818
            ],
            [
              -111.932554,
              33.415851
            ],
            [
              -111.93251,
              33.415851
            ]
          ]
        ]
      },
      "properties": {
        "BLDG_CODE": "SDFCT",
        "BLDG_NAME": "Sun Devil Fitness Complex",
        "Type": "Academic",
        "Image": null,
        "Shape__Area": 7.3555861490604e-07
      }
    },
    {
      "type": "Feature",
      "geometry": {
        "type": "Polygon",
        "coordinates": [
          [
            [
              -111.933238,
              33.417743
            ],
            [
              -111.933239,
              33.417836
            ],
            [
              -111.932945,
              33.417838
            ],
            [
              -111.932944,
              33.417745
            ],
            [
              -111.933238,
              33.417743
            ]
          ]
        ]
      },
      "properties": {
        "BLDG_CODE": "SDH",
        "BLDG_NAME": "Sun Devil Hall",
        "Type": "Academic",
        "Image": null,
        "Shape__Area": 2.7292344384477474e-08
      }
    },
    {
      "type": "Feature",
      "geometry": {
        "type": "Polygon",
        "coordinates": [
          [
            [
              -111.923366,
              33.424404
            ],
            [
              -111.923365,
              33.424197
            ],
            [
              -111.924062,
              33.424195
            ],
            [
              -111.924293,
              33.424194
            ],
            [
              -111.924294,
              33.424417
            ],
            [
              -111.923366,
              33.42442
            ],
            [
              -111.923366,
              33.424404
            ]
          ]
        ]
      },
      "properties": {
        "BLDG_CODE": "SDSP",
        "BLDG_NAME": "Sun Devil Sports Performance",
        "Type": "Academic",
        "Image": null,
        "Shape__Area": 2.072015377052594e-07
      }
    },
    {
      "type": "Feature",
      "geometry": {
        "type": "Polygon",
        "coordinates": [
          [
            [
              -111.928324,
              33.415765
            ],
            [
              -111.928321,
              33.415481
            ],
            [
              -111.928374,
              33.41548
            ],
            [
              -111.928379,
              33.41582
            ],
            [
              -111.928324,
              33.41582
            ],
            [
              -111.928324,
              33.415765
            ]
          ]
        ]
      },
      "properties": {
        "BLDG_CODE": "SGHAL",
        "BLDG_NAME": "Barrett College Sage Hall",
        "Type": "Housing",
        "Image": null,
        "Shape__Area": 1.8251967048854567e-08
      }
    },
    {
      "type": "Feature",
      "geometry": {
        "type": "Polygon",
        "coordinates": [
          [
            [
              -111.935436,
              33.420652
            ],
            [
              -111.935436,
              33.420512
            ],
            [
              -111.935446,
              33.420512
            ],
            [
              -111.935515,
              33.420512
            ],
            [
              -111.935515,
              33.42054
            ],
            [
              -111.935515,
              33.420659
            ],
            [
              -111.935436,
              33.420659
            ],
            [
              -111.935436,
              33.420652
            ]
          ]
        ]
      },
      "properties": {
        "BLDG_CODE": "SHESC",
        "BLDG_NAME": "School Of Human Evolution And Social Change",
        "Type": "Academic",
        "Image": null,
        "Shape__Area": 1.1588326742639765e-08
      }
    },
    {
      "type": "Feature",
      "geometry": {
        "type": "Polygon",
        "coordinates": [
          [
            [
              -111.922363,
              33.42417
            ],
            [
              -111.92244,
              33.42417
            ],
            [
              -111.922444,
              33.424512
            ],
            [
              -111.922428,
              33.424512
            ],
            [
              -111.922429,
              33.424616
            ],
            [
              -111.922445,
              33.424616
            ],
            [
              -111.922449,
              33.424963
            ],
            [
              -111.922373,
              33.424963
            ],
            [
              -111.922363,
              33.42417
            ]
          ]
        ]
      },
      "properties": {
        "BLDG_CODE": "SLSTDM",
        "BLDG_NAME": "Soccer & Lacrosse Stadium",
        "Type": "Athletics",
        "Image": null,
        "Shape__Area": 5.891047294426244e-08
      }
    },
    {
      "type": "Feature",
      "geometry": {
        "type": "Polygon",
        "coordinates": [
          [
            [
              -111.934577,
              33.420013
            ],
            [
              -111.934395,
              33.420015
            ],
            [
              -111.934393,
              33.419857
            ],
            [
              -111.934575,
              33.419856
            ],
            [
              -111.934577,
              33.420013
            ]
          ]
        ]
      },
      "properties": {
        "BLDG_CODE": "SS",
        "BLDG_NAME": "Social Sciences Bldg.",
        "Type": "Academic",
        "Image": null,
        "Shape__Area": 2.877072802220937e-08
      }
    },
    {
      "type": "Feature",
      "geometry": {
        "type": "Polygon",
        "coordinates": [
          [
            [
              -111.936128,
              33.416648
            ],
            [
              -111.936126,
              33.416464
            ],
            [
              -111.936464,
              33.416462
            ],
            [
              -111.936465,
              33.416538
            ],
            [
              -111.936504,
              33.416537
            ],
            [
              -111.936506,
              33.416766
            ],
            [
              -111.936494,
              33.416766
            ],
            [
              -111.936498,
              33.417145
            ],
            [
              -111.936466,
              33.417146
            ],
            [
              -111.93647,
              33.417519
            ],
            [
              -111.936138,
              33.417521
            ],
            [
              -111.936133,
              33.417064
            ],
            [
              -111.936128,
              33.416648
            ]
          ]
        ]
      },
      "properties": {
        "BLDG_CODE": "SSV",
        "BLDG_NAME": "Student Services Bldg.",
        "Type": "Academic",
        "Image": null,
        "Shape__Area": 3.737986844498664e-07
      }
    },
    {
      "type": "Feature",
      "geometry": {
        "type": "Polygon",
        "coordinates": [
          [
            [
              -111.933401,
              33.427108
            ],
            [
              -111.933545,
              33.426653
            ],
            [
              -111.933588,
              33.426662
            ],
            [
              -111.933612,
              33.426589
            ],
            [
              -111.933569,
              33.426579
            ],
            [
              -111.933699,
              33.426169
            ],
            [
              -111.93374,
              33.42618
            ],
            [
              -111.933747,
              33.426161
            ],
            [
              -111.933836,
              33.426185
            ],
            [
              -111.933749,
              33.426475
            ],
            [
              -111.933792,
              33.426488
            ],
            [
              -111.933764,
              33.42657
            ],
            [
              -111.93372,
              33.426561
            ],
            [
              -111.933688,
              33.42666
            ],
            [
              -111.933664,
              33.426655
            ],
            [
              -111.933633,
              33.426751
            ],
            [
              -111.933696,
              33.426765
            ],
            [
              -111.933661,
              33.426866
            ],
            [
              -111.933629,
              33.426858
            ],
            [
              -111.933536,
              33.427138
            ],
            [
              -111.933457,
              33.42712
            ],
            [
              -111.933401,
              33.427108
            ]
          ]
        ]
      },
      "properties": {
        "BLDG_CODE": "STAD",
        "BLDG_NAME": "Sun Devil Stadium Suites",
        "Type": "Athletics",
        "Image": null,
        "Shape__Area": 1.4017473404237535e-07
      }
    },
    {
      "type": "Feature",
      "geometry": {
        "type": "Polygon",
        "coordinates": [
          [
            [
              -111.932334,
              33.427259
            ],
            [
              -111.931973,
              33.427181
            ],
            [
              -111.931941,
              33.42716
            ],
            [
              -111.931858,
              33.427107
            ],
            [
              -111.931809,
              33.427063
            ],
            [
              -111.931743,
              33.426938
            ],
            [
              -111.931735,
              33.426923
            ],
            [
              -111.931736,
              33.426798
            ],
            [
              -111.931747,
              33.426744
            ],
            [
              -111.932038,
              33.425844
            ],
            [
              -111.93202,
              33.425838
            ],
            [
              -111.932037,
              33.425799
            ],
            [
              -111.932087,
              33.425707
            ],
            [
              -111.932211,
              33.425599
            ],
            [
              -111.932231,
              33.425583
            ],
            [
              -111.932241,
              33.425577
            ],
            [
              -111.932339,
              33.425719
            ],
            [
              -111.932364,
              33.425741
            ],
            [
              -111.932347,
              33.425784
            ],
            [
              -111.932323,
              33.425783
            ],
            [
              -111.932288,
              33.425843
            ],
            [
              -111.932316,
              33.425854
            ],
            [
              -111.932026,
              33.426814
            ],
            [
              -111.931995,
              33.426808
            ],
            [
              -111.931984,
              33.426856
            ],
            [
              -111.932013,
              33.426918
            ],
            [
              -111.932063,
              33.42697
            ],
            [
              -111.932125,
              33.42699
            ],
            [
              -111.932091,
              33.427101
            ],
            [
              -111.932192,
              33.427123
            ],
            [
              -111.932242,
              33.426966
            ],
            [
              -111.932546,
              33.427034
            ],
            [
              -111.932529,
              33.427089
            ],
            [
              -111.932496,
              33.427189
            ],
            [
              -111.932553,
              33.427202
            ],
            [
              -111.932613,
              33.427191
            ],
            [
              -111.932624,
              33.427111
            ],
            [
              -111.93263,
              33.427093
            ],
            [
              -111.9327,
              33.427105
            ],
            [
              -111.932799,
              33.427068
            ],
            [
              -111.932847,
              33.427
            ],
            [
              -111.932816,
              33.426982
            ],
            [
              -111.9331,
              33.426017
            ],
            [
              -111.933139,
              33.426028
            ],
            [
              -111.933148,
              33.426006
            ],
            [
              -111.93312,
              33.425997
            ],
            [
              -111.933114,
              33.425919
            ],
            [
              -111.93332,
              33.425814
            ],
            [
              -111.933326,
              33.425811
            ],
            [
              -111.933346,
              33.425838
            ],
            [
              -111.933385,
              33.425921
            ],
            [
              -111.93339,
              33.425942
            ],
            [
              -111.933394,
              33.42599
            ],
            [
              -111.933392,
              33.426038
            ],
            [
              -111.933383,
              33.426086
            ],
            [
              -111.933372,
              33.426122
            ],
            [
              -111.933071,
              33.42711
            ],
            [
              -111.932998,
              33.427202
            ],
            [
              -111.932939,
              33.427247
            ],
            [
              -111.93281,
              33.427303
            ],
            [
              -111.932748,
              33.427318
            ],
            [
              -111.932706,
              33.427319
            ],
            [
              -111.932632,
              33.427321
            ],
            [
              -111.932334,
              33.427259
            ]
          ]
        ]
      },
      "properties": {
        "BLDG_CODE": "STAD",
        "BLDG_NAME": "Sun Devil Stadium",
        "Type": "Athletics",
        "Image": null,
        "Shape__Area": 9.806321941141505e-07
      }
    },
    {
      "type": "Feature",
      "geometry": {
        "type": "Polygon",
        "coordinates": [
          [
            [
              -111.93703,
              33.419811
            ],
            [
              -111.93703,
              33.41978
            ],
            [
              -111.937029,
              33.419712
            ],
            [
              -111.937028,
              33.419641
            ],
            [
              -111.937122,
              33.41964
            ],
            [
              -111.937234,
              33.419638
            ],
            [
              -111.937499,
              33.419635
            ],
            [
              -111.937506,
              33.42003
            ],
            [
              -111.937034,
              33.420035
            ],
            [
              -111.93703,
              33.419811
            ]
          ],
          [
            [
              -111.937279,
              33.419882
            ],
            [
              -111.937278,
              33.419826
            ],
            [
              -111.937237,
              33.419826
            ],
            [
              -111.937236,
              33.419756
            ],
            [
              -111.937124,
              33.419757
            ],
            [
              -111.937127,
              33.419924
            ],
            [
              -111.937239,
              33.419923
            ],
            [
              -111.937238,
              33.419882
            ],
            [
              -111.937279,
              33.419882
            ]
          ]
        ]
      },
      "properties": {
        "BLDG_CODE": "STAUF",
        "BLDG_NAME": "Stauffer Communication Arts B",
        "Type": "Academic",
        "Image": null,
        "Shape__Area": 1.650723788770847e-07
      }
    },
    {
      "type": "Feature",
      "geometry": {
        "type": "Polygon",
        "coordinates": [
          [
            [
              -111.936725,
              33.420039
            ],
            [
              -111.93672,
              33.419716
            ],
            [
              -111.936786,
              33.419715
            ],
            [
              -111.936787,
              33.419794
            ],
            [
              -111.936828,
              33.419794
            ],
            [
              -111.936827,
              33.419714
            ],
            [
              -111.936853,
              33.419714
            ],
            [
              -111.936854,
              33.419793
            ],
            [
              -111.936891,
              33.419793
            ],
            [
              -111.93689,
              33.419714
            ],
            [
              -111.936959,
              33.419713
            ],
            [
              -111.93696,
              33.419781
            ],
            [
              -111.936961,
              33.419811
            ],
            [
              -111.936964,
              33.420036
            ],
            [
              -111.936965,
              33.420059
            ],
            [
              -111.936725,
              33.420062
            ],
            [
              -111.936725,
              33.420039
            ]
          ]
        ]
      },
      "properties": {
        "BLDG_CODE": "STAUF",
        "BLDG_NAME": "Stauffer Communication Arts A",
        "Type": "Academic",
        "Image": null,
        "Shape__Area": 7.6705873652827e-08
      }
    },
    {
      "type": "Feature",
      "geometry": {
        "type": "Polygon",
        "coordinates": [
          [
            [
              -111.933707,
              33.418612
            ],
            [
              -111.933746,
              33.418611
            ],
            [
              -111.933746,
              33.41864
            ],
            [
              -111.933707,
              33.418641
            ],
            [
              -111.933707,
              33.418612
            ]
          ]
        ]
      },
      "properties": {
        "BLDG_CODE": "STPV",
        "BLDG_NAME": "Student Pavilion",
        "Type": "Academic",
        "Image": null,
        "Shape__Area": 1.147327566286549e-09
      }
    },
    {
      "type": "Feature",
      "geometry": {
        "type": "Polygon",
        "coordinates": [
          [
            [
              -111.939613,
              33.419525
            ],
            [
              -111.93919,
              33.419529
            ],
            [
              -111.939188,
              33.41931
            ],
            [
              -111.939611,
              33.419307
            ],
            [
              -111.939613,
              33.419525
            ]
          ]
        ]
      },
      "properties": {
        "BLDG_CODE": "TCA",
        "BLDG_NAME": "Tempe Center Annex",
        "Type": "Academic",
        "Image": null,
        "Shape__Area": 9.247105481335893e-08
      }
    },
    {
      "type": "Feature",
      "geometry": {
        "type": "Polygon",
        "coordinates": [
          [
            [
              -111.931637,
              33.417584
            ],
            [
              -111.931637,
              33.417526
            ],
            [
              -111.931617,
              33.417527
            ],
            [
              -111.931615,
              33.41749
            ],
            [
              -111.931654,
              33.41749
            ],
            [
              -111.931812,
              33.417489
            ],
            [
              -111.931811,
              33.417405
            ],
            [
              -111.932101,
              33.417402
            ],
            [
              -111.932104,
              33.417604
            ],
            [
              -111.932028,
              33.417604
            ],
            [
              -111.932024,
              33.417604
            ],
            [
              -111.931656,
              33.417608
            ],
            [
              -111.931655,
              33.417584
            ],
            [
              -111.931637,
              33.417584
            ]
          ]
        ]
      },
      "properties": {
        "BLDG_CODE": "THERM",
        "BLDG_NAME": "Thermal Energy Storage",
        "Type": "Infrastructure",
        "Image": null,
        "Shape__Area": 7.9497567639919e-08
      }
    },
    {
      "type": "Feature",
      "geometry": {
        "type": "Polygon",
        "coordinates": [
          [
            [
              -111.933052,
              33.423331
            ],
            [
              -111.933051,
              33.423258
            ],
            [
              -111.933069,
              33.423257
            ],
            [
              -111.933099,
              33.423257
            ],
            [
              -111.933099,
              33.423213
            ],
            [
              -111.933694,
              33.423208
            ],
            [
              -111.933694,
              33.423257
            ],
            [
              -111.933714,
              33.423257
            ],
            [
              -111.933715,
              33.423326
            ],
            [
              -111.933052,
              33.423331
            ]
          ]
        ]
      },
      "properties": {
        "BLDG_CODE": "TKRHA",
        "BLDG_NAME": "Tooker House A",
        "Type": "Housing",
        "Image": null,
        "Shape__Area": 7.525204637204297e-08
      }
    },
    {
      "type": "Feature",
      "geometry": {
        "type": "Polygon",
        "coordinates": [
          [
            [
              -111.932577,
              33.423341
            ],
            [
              -111.932576,
              33.423268
            ],
            [
              -111.932574,
              33.423081
            ],
            [
              -111.932609,
              33.42308
            ],
            [
              -111.932653,
              33.42308
            ],
            [
              -111.932995,
              33.423077
            ],
            [
              -111.933026,
              33.423077
            ],
            [
              -111.93305,
              33.423077
            ],
            [
              -111.933051,
              33.423258
            ],
            [
              -111.933052,
              33.423331
            ],
            [
              -111.933052,
              33.423399
            ],
            [
              -111.932731,
              33.423401
            ],
            [
              -111.932731,
              33.42334
            ],
            [
              -111.932577,
              33.423341
            ]
          ]
        ]
      },
      "properties": {
        "BLDG_CODE": "TKRHB",
        "BLDG_NAME": "Tooker House B",
        "Type": "Housing",
        "Image": null,
        "Shape__Area": 1.4355032362800557e-07
      }
    },
    {
      "type": "Feature",
      "geometry": {
        "type": "Polygon",
        "coordinates": [
          [
            [
              -111.931934,
              33.422979
            ],
            [
              -111.931934,
              33.422921
            ],
            [
              -111.932544,
              33.422916
            ],
            [
              -111.932545,
              33.422975
            ],
            [
              -111.932573,
              33.422975
            ],
            [
              -111.932573,
              33.423036
            ],
            [
              -111.931899,
              33.423041
            ],
            [
              -111.931898,
              33.42298
            ],
            [
              -111.931934,
              33.422979
            ]
          ]
        ]
      },
      "properties": {
        "BLDG_CODE": "TKRHC",
        "BLDG_NAME": "Tooker House C",
        "Type": "Housing",
        "Image": null,
        "Shape__Area": 7.698577064729761e-08
      }
    },
    {
      "type": "Feature",
      "geometry": {
        "type": "Polygon",
        "coordinates": [
          [
            [
              -111.932576,
              33.423268
            ],
            [
              -111.932577,
              33.423341
            ],
            [
              -111.931927,
              33.423346
            ],
            [
              -111.931926,
              33.423273
            ],
            [
              -111.931935,
              33.423273
            ],
            [
              -111.931934,
              33.423226
            ],
            [
              -111.93255,
              33.423221
            ],
            [
              -111.932551,
              33.423268
            ],
            [
              -111.932576,
              33.423268
            ]
          ]
        ]
      },
      "properties": {
        "BLDG_CODE": "TKRHD",
        "BLDG_NAME": "Tooker House Dining",
        "Type": "Housing",
        "Image": null,
        "Shape__Area": 7.623611963936128e-08
      }
    },
    {
      "type": "Feature",
      "geometry": {
        "type": "Polygon",
        "coordinates": [
          [
            [
              -111.9396,
              33.419972
            ],
            [
              -111.939599,
              33.419906
            ],
            [
              -111.939585,
              33.419906
            ],
            [
              -111.939383,
              33.419908
            ],
            [
              -111.939382,
              33.41983
            ],
            [
              -111.938959,
              33.419833
            ],
            [
              -111.938957,
              33.419664
            ],
            [
              -111.939756,
              33.419658
            ],
            [
              -111.939758,
              33.419827
            ],
            [
              -111.939758,
              33.419848
            ],
            [
              -111.939788,
              33.419848
            ],
            [
              -111.939789,
              33.41997
            ],
            [
              -111.9396,
              33.419972
            ]
          ]
        ]
      },
      "properties": {
        "BLDG_CODE": "TMPCT",
        "BLDG_NAME": "Tempe Center (main Bldg)",
        "Type": "Academic",
        "Image": null,
        "Shape__Area": 1.786363554856507e-07
      }
    },
    {
      "type": "Feature",
      "geometry": {
        "type": "Polygon",
        "coordinates": [
          [
            [
              -111.937762,
              33.421707
            ],
            [
              -111.93776,
              33.421574
            ],
            [
              -111.937725,
              33.421574
            ],
            [
              -111.937671,
              33.421574
            ],
            [
              -111.937671,
              33.421514
            ],
            [
              -111.937724,
              33.421513
            ],
            [
              -111.93776,
              33.421513
            ],
            [
              -111.937871,
              33.421512
            ],
            [
              -111.937873,
              33.421716
            ],
            [
              -111.937873,
              33.421751
            ],
            [
              -111.937874,
              33.421786
            ],
            [
              -111.937874,
              33.421797
            ],
            [
              -111.937763,
              33.421798
            ],
            [
              -111.937762,
              33.421707
            ]
          ]
        ]
      },
      "properties": {
        "BLDG_CODE": "TOWER",
        "BLDG_NAME": "Tower Center Building B (west)",
        "Type": "Academic",
        "Image": null,
        "Shape__Area": 3.7017571230535395e-08
      }
    },
    {
      "type": "Feature",
      "geometry": {
        "type": "Polygon",
        "coordinates": [
          [
            [
              -111.937434,
              33.421793
            ],
            [
              -111.937433,
              33.421394
            ],
            [
              -111.937468,
              33.421394
            ],
            [
              -111.937527,
              33.421394
            ],
            [
              -111.937617,
              33.421394
            ],
            [
              -111.937617,
              33.421466
            ],
            [
              -111.937618,
              33.421767
            ],
            [
              -111.937588,
              33.421767
            ],
            [
              -111.937588,
              33.421793
            ],
            [
              -111.937434,
              33.421793
            ]
          ]
        ]
      },
      "properties": {
        "BLDG_CODE": "TOWER",
        "BLDG_NAME": "Tower Center Building A (east)",
        "Type": "Academic",
        "Image": null,
        "Shape__Area": 7.264952728291973e-08
      }
    },
    {
      "type": "Feature",
      "geometry": {
        "type": "Polygon",
        "coordinates": [
          [
            [
              -111.927816,
              33.426324
            ],
            [
              -111.927816,
              33.425791
            ],
            [
              -111.92798,
              33.425791
            ],
            [
              -111.928123,
              33.425791
            ],
            [
              -111.928197,
              33.425791
            ],
            [
              -111.928197,
              33.425989
            ],
            [
              -111.928158,
              33.425989
            ],
            [
              -111.92816,
              33.426135
            ],
            [
              -111.928197,
              33.426134
            ],
            [
              -111.928197,
              33.426324
            ],
            [
              -111.927816,
              33.426324
            ]
          ]
        ]
      },
      "properties": {
        "BLDG_CODE": "TRACK",
        "BLDG_NAME": "Sun Angel Stadium",
        "Type": "Athletics",
        "Image": null,
        "Shape__Area": 1.9758681446546689e-07
      }
    },
    {
      "type": "Feature",
      "geometry": {
        "type": "Polygon",
        "coordinates": [
          [
            [
              -111.931833,
              33.420502
            ],
            [
              -111.931801,
              33.420502
            ],
            [
              -111.9318,
              33.420427
            ],
            [
              -111.931832,
              33.420427
            ],
            [
              -111.931833,
              33.420502
            ]
          ]
        ]
      },
      "properties": {
        "BLDG_CODE": "TYLER",
        "BLDG_NAME": "Tyler Mall Cantina",
        "Type": "Academic",
        "Image": null,
        "Shape__Area": 2.430851964163594e-09
      }
    },
    {
      "type": "Feature",
      "geometry": {
        "type": "Polygon",
        "coordinates": [
          [
            [
              -111.933454,
              33.421043
            ],
            [
              -111.933453,
              33.420878
            ],
            [
              -111.933625,
              33.420877
            ],
            [
              -111.933626,
              33.421042
            ],
            [
              -111.933454,
              33.421043
            ]
          ]
        ]
      },
      "properties": {
        "BLDG_CODE": "UCLUB",
        "BLDG_NAME": "University Club",
        "Type": "Academic",
        "Image": null,
        "Shape__Area": 2.8308249966357835e-08
      }
    },
    {
      "type": "Feature",
      "geometry": {
        "type": "Polygon",
        "coordinates": [
          [
            [
              -111.921884,
              33.42335
            ],
            [
              -111.921882,
              33.422644
            ],
            [
              -111.921929,
              33.422644
            ],
            [
              -111.922037,
              33.42255
            ],
            [
              -111.922036,
              33.422514
            ],
            [
              -111.922287,
              33.422514
            ],
            [
              -111.922287,
              33.422552
            ],
            [
              -111.922389,
              33.422643
            ],
            [
              -111.922446,
              33.422643
            ],
            [
              -111.922447,
              33.42294
            ],
            [
              -111.922447,
              33.4231
            ],
            [
              -111.922447,
              33.423146
            ],
            [
              -111.922396,
              33.423146
            ],
            [
              -111.922339,
              33.4231
            ],
            [
              -111.922339,
              33.42294
            ],
            [
              -111.922112,
              33.422941
            ],
            [
              -111.922112,
              33.423108
            ],
            [
              -111.922112,
              33.423197
            ],
            [
              -111.922112,
              33.423206
            ],
            [
              -111.922204,
              33.423285
            ],
            [
              -111.922462,
              33.423284
            ],
            [
              -111.922462,
              33.423471
            ],
            [
              -111.922113,
              33.423472
            ],
            [
              -111.922039,
              33.423472
            ],
            [
              -111.922039,
              33.423439
            ],
            [
              -111.921941,
              33.42335
            ],
            [
              -111.921884,
              33.42335
            ]
          ]
        ]
      },
      "properties": {
        "BLDG_CODE": "UNCTRA",
        "BLDG_NAME": "University Center Bldg. A",
        "Type": "Academic",
        "Image": null,
        "Shape__Area": 4.0665736378286965e-07
      }
    },
    {
      "type": "Feature",
      "geometry": {
        "type": "Polygon",
        "coordinates": [
          [
            [
              -111.921522,
              33.423491
            ],
            [
              -111.921494,
              33.423515
            ],
            [
              -111.921438,
              33.423469
            ],
            [
              -111.921389,
              33.42351
            ],
            [
              -111.921323,
              33.423566
            ],
            [
              -111.921054,
              33.423341
            ],
            [
              -111.921003,
              33.423384
            ],
            [
              -111.920951,
              33.423341
            ],
            [
              -111.921002,
              33.423298
            ],
            [
              -111.920818,
              33.423144
            ],
            [
              -111.920819,
              33.422994
            ],
            [
              -111.920781,
              33.422962
            ],
            [
              -111.920781,
              33.422957
            ],
            [
              -111.920781,
              33.422953
            ],
            [
              -111.920782,
              33.422948
            ],
            [
              -111.920784,
              33.422943
            ],
            [
              -111.920787,
              33.422939
            ],
            [
              -111.920791,
              33.422935
            ],
            [
              -111.920796,
              33.422932
            ],
            [
              -111.920801,
              33.42293
            ],
            [
              -111.920806,
              33.422928
            ],
            [
              -111.920812,
              33.422927
            ],
            [
              -111.920818,
              33.422926
            ],
            [
              -111.920823,
              33.422927
            ],
            [
              -111.920829,
              33.422931
            ],
            [
              -111.920955,
              33.422932
            ],
            [
              -111.920971,
              33.422918
            ],
            [
              -111.921212,
              33.42312
            ],
            [
              -111.921257,
              33.423083
            ],
            [
              -111.921309,
              33.423126
            ],
            [
              -111.921264,
              33.423164
            ],
            [
              -111.921533,
              33.423389
            ],
            [
              -111.921466,
              33.423445
            ],
            [
              -111.921522,
              33.423491
            ]
          ]
        ]
      },
      "properties": {
        "BLDG_CODE": "UNCTRB",
        "BLDG_NAME": "University Center Bldg. B",
        "Type": "Academic",
        "Image": null,
        "Shape__Area": 2.1644723346980754e-07
      }
    },
    {
      "type": "Feature",
      "geometry": {
        "type": "Polygon",
        "coordinates": [
          [
            [
              -111.92052,
              33.423557
            ],
            [
              -111.920519,
              33.423504
            ],
            [
              -111.920988,
              33.423498
            ],
            [
              -111.920989,
              33.423547
            ],
            [
              -111.921028,
              33.423546
            ],
            [
              -111.921029,
              33.423601
            ],
            [
              -111.920474,
              33.423608
            ],
            [
              -111.920473,
              33.423557
            ],
            [
              -111.92052,
              33.423557
            ]
          ]
        ]
      },
      "properties": {
        "BLDG_CODE": "UNCTRC",
        "BLDG_NAME": "University Center Bldg. C",
        "Type": "Academic",
        "Image": null,
        "Shape__Area": 5.314973350323271e-08
      }
    },
    {
      "type": "Feature",
      "geometry": {
        "type": "Polygon",
        "coordinates": [
          [
            [
              -111.929132,
              33.421594
            ],
            [
              -111.92913,
              33.4215
            ],
            [
              -111.929164,
              33.4215
            ],
            [
              -111.929165,
              33.42157
            ],
            [
              -111.929648,
              33.421564
            ],
            [
              -111.929643,
              33.421293
            ],
            [
              -111.929669,
              33.421292
            ],
            [
              -111.929673,
              33.421529
            ],
            [
              -111.929674,
              33.421587
            ],
            [
              -111.929132,
              33.421594
            ]
          ]
        ]
      },
      "properties": {
        "BLDG_CODE": "USE",
        "BLDG_NAME": "Urban Systems Engineering",
        "Type": "Academic",
        "Image": null,
        "Shape__Area": 2.2090262064011768e-08
      }
    },
    {
      "type": "Feature",
      "geometry": {
        "type": "Polygon",
        "coordinates": [
          [
            [
              -111.932363,
              33.42178
            ],
            [
              -111.932363,
              33.421719
            ],
            [
              -111.932362,
              33.421698
            ],
            [
              -111.932436,
              33.421698
            ],
            [
              -111.932436,
              33.421673
            ],
            [
              -111.932383,
              33.421673
            ],
            [
              -111.932383,
              33.421656
            ],
            [
              -111.93244,
              33.421655
            ],
            [
              -111.93244,
              33.421626
            ],
            [
              -111.932362,
              33.421627
            ],
            [
              -111.932362,
              33.421636
            ],
            [
              -111.932321,
              33.421636
            ],
            [
              -111.932321,
              33.421627
            ],
            [
              -111.93232,
              33.421623
            ],
            [
              -111.932272,
              33.421624
            ],
            [
              -111.932272,
              33.421604
            ],
            [
              -111.932252,
              33.421604
            ],
            [
              -111.932251,
              33.421546
            ],
            [
              -111.932358,
              33.421546
            ],
            [
              -111.932357,
              33.421432
            ],
            [
              -111.932416,
              33.421431
            ],
            [
              -111.932417,
              33.421454
            ],
            [
              -111.932458,
              33.421454
            ],
            [
              -111.932488,
              33.421454
            ],
            [
              -111.932488,
              33.421485
            ],
            [
              -111.932458,
              33.421485
            ],
            [
              -111.932458,
              33.421545
            ],
            [
              -111.932542,
              33.421545
            ],
            [
              -111.932543,
              33.421635
            ],
            [
              -111.932544,
              33.421779
            ],
            [
              -111.932363,
              33.42178
            ]
          ]
        ]
      },
      "properties": {
        "BLDG_CODE": "UTN",
        "BLDG_NAME": "University Tunnel Network",
        "Type": "Infrastructure",
        "Image": null,
        "Shape__Area": 5.791434887214564e-08
      }
    },
    {
      "type": "Feature",
      "geometry": {
        "type": "Polygon",
        "coordinates": [
          [
            [
              -111.928032,
              33.416299
            ],
            [
              -111.928031,
              33.416208
            ],
            [
              -111.928063,
              33.416207
            ],
            [
              -111.92815,
              33.416207
            ],
            [
              -111.928149,
              33.41613
            ],
            [
              -111.928701,
              33.416126
            ],
            [
              -111.928703,
              33.416294
            ],
            [
              -111.928703,
              33.416353
            ],
            [
              -111.928144,
              33.416357
            ],
            [
              -111.928143,
              33.416298
            ],
            [
              -111.928032,
              33.416299
            ]
          ]
        ]
      },
      "properties": {
        "BLDG_CODE": "VBHAL",
        "BLDG_NAME": "Hav- Verbena Hall",
        "Type": "Housing",
        "Image": null,
        "Shape__Area": 1.3658950592798647e-07
      }
    },
    {
      "type": "Feature",
      "geometry": {
        "type": "Polygon",
        "coordinates": [
          [
            [
              -111.924253,
              33.425349
            ],
            [
              -111.924249,
              33.424739
            ],
            [
              -111.924625,
              33.424737
            ],
            [
              -111.924673,
              33.424737
            ],
            [
              -111.925747,
              33.424732
            ],
            [
              -111.925746,
              33.425352
            ],
            [
              -111.925157,
              33.425351
            ],
            [
              -111.925111,
              33.425351
            ],
            [
              -111.92441,
              33.42535
            ],
            [
              -111.924348,
              33.42535
            ],
            [
              -111.924253,
              33.425349
            ]
          ]
        ]
      },
      "properties": {
        "BLDG_CODE": "VDDM",
        "BLDG_NAME": "Verde Dickey Dome",
        "Type": "Academic",
        "Image": null,
        "Shape__Area": 9.201089596899692e-07
      }
    },
    {
      "type": "Feature",
      "geometry": {
        "type": "Polygon",
        "coordinates": [
          [
            [
              -111.94043,
              33.420345
            ],
            [
              -111.940429,
              33.420194
            ],
            [
              -111.940208,
              33.420196
            ],
            [
              -111.940208,
              33.420238
            ],
            [
              -111.940128,
              33.420239
            ],
            [
              -111.940126,
              33.420125
            ],
            [
              -111.940547,
              33.420122
            ],
            [
              -111.940548,
              33.420206
            ],
            [
              -111.940516,
              33.420206
            ],
            [
              -111.940518,
              33.420393
            ],
            [
              -111.940403,
              33.420393
            ],
            [
              -111.940403,
              33.420345
            ],
            [
              -111.94043,
              33.420345
            ]
          ]
        ]
      },
      "properties": {
        "BLDG_CODE": "WFDU",
        "BLDG_NAME": "Wells Fargo Drive-up Atm",
        "Type": "Academic",
        "Image": null,
        "Shape__Area": 5.2375526138348505e-08
      }
    },
    {
      "type": "Feature",
      "geometry": {
        "type": "Polygon",
        "coordinates": [
          [
            [
              -111.936886,
              33.423959
            ],
            [
              -111.936885,
              33.423959
            ],
            [
              -111.936883,
              33.423959
            ],
            [
              -111.93688,
              33.423959
            ],
            [
              -111.936878,
              33.423958
            ],
            [
              -111.936875,
              33.423958
            ],
            [
              -111.936873,
              33.423957
            ],
            [
              -111.93687,
              33.423956
            ],
            [
              -111.936868,
              33.423956
            ],
            [
              -111.936865,
              33.423955
            ],
            [
              -111.936863,
              33.423954
            ],
            [
              -111.936861,
              33.423953
            ],
            [
              -111.936859,
              33.423951
            ],
            [
              -111.936857,
              33.42395
            ],
            [
              -111.936855,
              33.423949
            ],
            [
              -111.936853,
              33.423947
            ],
            [
              -111.936851,
              33.423946
            ],
            [
              -111.93685,
              33.423944
            ],
            [
              -111.936848,
              33.423942
            ],
            [
              -111.936847,
              33.42394
            ],
            [
              -111.936845,
              33.423939
            ],
            [
              -111.936844,
              33.423937
            ],
            [
              -111.936843,
              33.423935
            ],
            [
              -111.936842,
              33.423933
            ],
            [
              -111.936841,
              33.423931
            ],
            [
              -111.936841,
              33.423929
            ],
            [
              -111.93684,
              33.423926
            ],
            [
              -111.93684,
              33.423924
            ],
            [
              -111.936839,
              33.423922
            ],
            [
              -111.936839,
              33.42392
            ],
            [
              -111.936839,
              33.423918
            ],
            [
              -111.936839,
              33.423916
            ],
            [
              -111.936839,
              33.423914
            ],
            [
              -111.93684,
              33.423911
            ],
            [
              -111.93684,
              33.423909
            ],
            [
              -111.936841,
              33.423907
            ],
            [
              -111.936842,
              33.423905
            ],
            [
              -111.936843,
              33.423903
            ],
            [
              -111.936844,
              33.423901
            ],
            [
              -111.936845,
              33.423899
            ],
            [
              -111.936846,
              33.423897
            ],
            [
              -111.936848,
              33.423896
            ],
            [
              -111.936849,
              33.423894
            ],
            [
              -111.936851,
              33.423892
            ],
            [
              -111.936852,
              33.423891
            ],
            [
              -111.936854,
              33.423889
            ],
            [
              -111.936856,
              33.423888
            ],
            [
              -111.936858,
              33.423886
            ],
            [
              -111.93686,
              33.423885
            ],
            [
              -111.936862,
              33.423884
            ],
            [
              -111.936865,
              33.423883
            ],
            [
              -111.936867,
              33.423882
            ],
            [
              -111.936869,
              33.423881
            ],
            [
              -111.936872,
              33.42388
            ],
            [
              -111.936874,
              33.42388
            ],
            [
              -111.936877,
              33.423879
            ],
            [
              -111.936879,
              33.423879
            ],
            [
              -111.936882,
              33.423878
            ],
            [
              -111.936884,
              33.423878
            ],
            [
              -111.936887,
              33.423878
            ],
            [
              -111.93689,
              33.423878
            ],
            [
              -111.936892,
              33.423878
            ],
            [
              -111.936895,
              33.423878
            ],
            [
              -111.936897,
              33.423879
            ],
            [
              -111.9369,
              33.423879
            ],
            [
              -111.936902,
              33.42388
            ],
            [
              -111.936905,
              33.423881
            ],
            [
              -111.936907,
              33.423881
            ],
            [
              -111.936909,
              33.423882
            ],
            [
              -111.936912,
              33.423883
            ],
            [
              -111.936914,
              33.423885
            ],
            [
              -111.936916,
              33.423886
            ],
            [
              -111.936918,
              33.423887
            ],
            [
              -111.93692,
              33.423889
            ],
            [
              -111.936922,
              33.42389
            ],
            [
              -111.936923,
              33.423892
            ],
            [
              -111.936925,
              33.423893
            ],
            [
              -111.936927,
              33.423895
            ],
            [
              -111.936928,
              33.423897
            ],
            [
              -111.936929,
              33.423899
            ],
            [
              -111.936931,
              33.4239
            ],
            [
              -111.936932,
              33.423902
            ],
            [
              -111.936933,
              33.423904
            ],
            [
              -111.936934,
              33.423906
            ],
            [
              -111.936934,
              33.423909
            ],
            [
              -111.936935,
              33.423911
            ],
            [
              -111.936935,
              33.423913
            ],
            [
              -111.936936,
              33.423915
            ],
            [
              -111.936936,
              33.423917
            ],
            [
              -111.936936,
              33.423919
            ],
            [
              -111.936936,
              33.423921
            ],
            [
              -111.936935,
              33.423924
            ],
            [
              -111.936935,
              33.423926
            ],
            [
              -111.936934,
              33.423928
            ],
            [
              -111.936934,
              33.42393
            ],
            [
              -111.936933,
              33.423932
            ],
            [
              -111.936932,
              33.423934
            ],
            [
              -111.936931,
              33.423936
            ],
            [
              -111.93693,
              33.423938
            ],
            [
              -111.936929,
              33.42394
            ],
            [
              -111.936927,
              33.423942
            ],
            [
              -111.936926,
              33.423943
            ],
            [
              -111.936924,
              33.423945
            ],
            [
              -111.936922,
              33.423947
            ],
            [
              -111.93692,
              33.423948
            ],
            [
              -111.936919,
              33.42395
            ],
            [
              -111.936918,
              33.42395
            ],
            [
              -111.936916,
              33.423951
            ],
            [
              -111.936914,
              33.423952
            ],
            [
              -111.936912,
              33.423953
            ],
            [
              -111.93691,
              33.423954
            ],
            [
              -111.936908,
              33.423955
            ],
            [
              -111.936905,
              33.423956
            ],
            [
              -111.936903,
              33.423957
            ],
            [
              -111.9369,
              33.423958
            ],
            [
              -111.936898,
              33.423958
            ],
            [
              -111.936895,
              33.423959
            ],
            [
              -111.936893,
              33.423959
            ],
            [
              -111.93689,
              33.423959
            ],
            [
              -111.936888,
              33.423959
            ],
            [
              -111.936886,
              33.423959
            ]
          ],
          [
            [
              -111.936892,
              33.423939
            ],
            [
              -111.936897,
              33.423939
            ],
            [
              -111.936901,
              33.423937
            ],
            [
              -111.936906,
              33.423936
            ],
            [
              -111.93691,
              33.423933
            ],
            [
              -111.936914,
              33.42393
            ],
            [
              -111.936916,
              33.423927
            ],
            [
              -111.936918,
              33.423923
            ],
            [
              -111.93692,
              33.423919
            ],
            [
              -111.93692,
              33.423915
            ],
            [
              -111.93692,
              33.423911
            ],
            [
              -111.936918,
              33.423907
            ],
            [
              -111.936916,
              33.423903
            ],
            [
              -111.936913,
              33.423899
            ],
            [
              -111.93691,
              33.423896
            ],
            [
              -111.936906,
              33.423894
            ],
            [
              -111.936901,
              33.423892
            ],
            [
              -111.936896,
              33.423891
            ],
            [
              -111.936891,
              33.423891
            ],
            [
              -111.936886,
              33.423891
            ],
            [
              -111.936881,
              33.423892
            ],
            [
              -111.936877,
              33.423894
            ],
            [
              -111.936873,
              33.423897
            ],
            [
              -111.936869,
              33.4239
            ],
            [
              -111.936867,
              33.423903
            ],
            [
              -111.936864,
              33.423907
            ],
            [
              -111.936863,
              33.423911
            ],
            [
              -111.936863,
              33.423915
            ],
            [
              -111.936863,
              33.423919
            ],
            [
              -111.936865,
              33.423923
            ],
            [
              -111.936867,
              33.423927
            ],
            [
              -111.93687,
              33.423931
            ],
            [
              -111.936873,
              33.423934
            ],
            [
              -111.936877,
              33.423936
            ],
            [
              -111.936882,
              33.423938
            ],
            [
              -111.936887,
              33.423939
            ],
            [
              -111.936892,
              33.423939
            ]
          ]
        ]
      },
      "properties": {
        "BLDG_CODE": "WG",
        "BLDG_NAME": "West Garage",
        "Type": "Parking",
        "Image": null,
        "Shape__Area": 3.9990482036955655e-09
      }
    },
    {
      "type": "Feature",
      "geometry": {
        "type": "Polygon",
        "coordinates": [
          [
            [
              -111.935451,
              33.421333
            ],
            [
              -111.935454,
              33.421683
            ],
            [
              -111.935168,
              33.421685
            ],
            [
              -111.935166,
              33.421335
            ],
            [
              -111.935451,
              33.421333
            ]
          ]
        ]
      },
      "properties": {
        "BLDG_CODE": "WGHL",
        "BLDG_NAME": "Wrigley Hall",
        "Type": "Academic",
        "Image": null,
        "Shape__Area": 9.99154963210458e-08
      }
    },
    {
      "type": "Feature",
      "geometry": {
        "type": "Polygon",
        "coordinates": [
          [
            [
              -111.92352,
              33.426344
            ],
            [
              -111.923089,
              33.426347
            ],
            [
              -111.923086,
              33.426127
            ],
            [
              -111.923517,
              33.426124
            ],
            [
              -111.92352,
              33.426344
            ]
          ]
        ]
      },
      "properties": {
        "BLDG_CODE": "WGTF",
        "BLDG_NAME": "Womens Gymnastics Training Facility",
        "Type": "Academic",
        "Image": null,
        "Shape__Area": 9.4853930932004e-08
      }
    },
    {
      "type": "Feature",
      "geometry": {
        "type": "Polygon",
        "coordinates": [
          [
            [
              -111.93578,
              33.41941
            ],
            [
              -111.935779,
              33.419357
            ],
            [
              -111.935777,
              33.419186
            ],
            [
              -111.935776,
              33.419041
            ],
            [
              -111.935774,
              33.418872
            ],
            [
              -111.935773,
              33.418812
            ],
            [
              -111.935889,
              33.418811
            ],
            [
              -111.935975,
              33.418811
            ],
            [
              -111.935975,
              33.418831
            ],
            [
              -111.936252,
              33.418829
            ],
            [
              -111.936252,
              33.418809
            ],
            [
              -111.936368,
              33.418808
            ],
            [
              -111.936369,
              33.418888
            ],
            [
              -111.936375,
              33.419403
            ],
            [
              -111.936314,
              33.419404
            ],
            [
              -111.936262,
              33.419404
            ],
            [
              -111.936261,
              33.419377
            ],
            [
              -111.935989,
              33.419379
            ],
            [
              -111.93599,
              33.419409
            ],
            [
              -111.935967,
              33.419409
            ],
            [
              -111.935805,
              33.41941
            ],
            [
              -111.93578,
              33.41941
            ]
          ],
          [
            [
              -111.936261,
              33.419312
            ],
            [
              -111.936259,
              33.419136
            ],
            [
              -111.936151,
              33.419137
            ],
            [
              -111.936151,
              33.41907
            ],
            [
              -111.936258,
              33.419069
            ],
            [
              -111.936256,
              33.418889
            ],
            [
              -111.935976,
              33.418891
            ],
            [
              -111.935976,
              33.418908
            ],
            [
              -111.93589,
              33.418908
            ],
            [
              -111.935891,
              33.419034
            ],
            [
              -111.935893,
              33.419153
            ],
            [
              -111.935894,
              33.419315
            ],
            [
              -111.935986,
              33.419314
            ],
            [
              -111.935986,
              33.419336
            ],
            [
              -111.936261,
              33.419333
            ],
            [
              -111.936261,
              33.419312
            ]
          ]
        ]
      },
      "properties": {
        "BLDG_CODE": "WHALL",
        "BLDG_NAME": "West Hall",
        "Type": "Academic",
        "Image": null,
        "Shape__Area": 1.894547949632397e-07
      }
    },
    {
      "type": "Feature",
      "geometry": {
        "type": "Polygon",
        "coordinates": [
          [
            [
              -111.926916,
              33.416502
            ],
            [
              -111.92691,
              33.416111
            ],
            [
              -111.926909,
              33.416045
            ],
            [
              -111.926908,
              33.416012
            ],
            [
              -111.926908,
              33.415984
            ],
            [
              -111.926998,
              33.415983
            ],
            [
              -111.926999,
              33.416016
            ],
            [
              -111.927064,
              33.416016
            ],
            [
              -111.92707,
              33.416576
            ],
            [
              -111.926909,
              33.416578
            ],
            [
              -111.926908,
              33.416502
            ],
            [
              -111.926916,
              33.416502
            ]
          ]
        ]
      },
      "properties": {
        "BLDG_CODE": "WILOHAL",
        "BLDG_NAME": "Barrett College Willow Hall",
        "Type": "Housing",
        "Image": null,
        "Shape__Area": 9.042423698701896e-08
      }
    },
    {
      "type": "Feature",
      "geometry": {
        "type": "Polygon",
        "coordinates": [
          [
            [
              -111.935932,
              33.418587
            ],
            [
              -111.935932,
              33.418573
            ],
            [
              -111.935914,
              33.418573
            ],
            [
              -111.935509,
              33.418576
            ],
            [
              -111.935509,
              33.418538
            ],
            [
              -111.93548,
              33.418538
            ],
            [
              -111.93548,
              33.418495
            ],
            [
              -111.935509,
              33.418494
            ],
            [
              -111.935508,
              33.418467
            ],
            [
              -111.935913,
              33.418464
            ],
            [
              -111.935913,
              33.418447
            ],
            [
              -111.935963,
              33.418447
            ],
            [
              -111.936366,
              33.418444
            ],
            [
              -111.936367,
              33.418524
            ],
            [
              -111.936368,
              33.418551
            ],
            [
              -111.935999,
              33.418554
            ],
            [
              -111.935999,
              33.418528
            ],
            [
              -111.935964,
              33.418529
            ],
            [
              -111.935965,
              33.418586
            ],
            [
              -111.935932,
              33.418587
            ]
          ]
        ]
      },
      "properties": {
        "BLDG_CODE": "WILSN",
        "BLDG_NAME": "Wilson Hall",
        "Type": "Academic",
        "Image": null,
        "Shape__Area": 9.471909834246617e-08
      }
    },
    {
      "type": "Feature",
      "geometry": {
        "type": "Polygon",
        "coordinates": [
          [
            [
              -111.927653,
              33.425095
            ],
            [
              -111.927656,
              33.425432
            ],
            [
              -111.927545,
              33.425432
            ],
            [
              -111.927542,
              33.425096
            ],
            [
              -111.927653,
              33.425095
            ]
          ]
        ]
      },
      "properties": {
        "BLDG_CODE": "WTC",
        "BLDG_NAME": "Whiteman Tennis Center",
        "Type": "Academic",
        "Image": null,
        "Shape__Area": 3.734294296009466e-08
      }
    },
    {
      "type": "Feature",
      "geometry": {
        "type": "Polygon",
        "coordinates": [
          [
            [
              -111.923785,
              33.426745
            ],
            [
              -111.923586,
              33.426745
            ],
            [
              -111.923586,
              33.426307
            ],
            [
              -111.923785,
              33.426307
            ],
            [
              -111.923785,
              33.426745
            ]
          ]
        ]
      },
      "properties": {
        "BLDG_CODE": "WTF",
        "BLDG_NAME": "Wrestling Training Facility",
        "Type": "Academic",
        "Image": null,
        "Shape__Area": 8.710094334674068e-08
      }
    },
    {
      "type": "Feature",
      "geometry": {
        "type": "Polygon",
        "coordinates": [
          [
            [
              -111.923445,
              33.424925
            ],
            [
              -111.923375,
              33.424925
            ],
            [
              -111.923375,
              33.424954
            ],
            [
              -111.92324,
              33.424954
            ],
            [
              -111.92324,
              33.424924
            ],
            [
              -111.923212,
              33.424924
            ],
            [
              -111.923211,
              33.424675
            ],
            [
              -111.923294,
              33.424674
            ],
            [
              -111.923294,
              33.424701
            ],
            [
              -111.923516,
              33.424701
            ],
            [
              -111.923516,
              33.424672
            ],
            [
              -111.923617,
              33.424672
            ],
            [
              -111.923618,
              33.424915
            ],
            [
              -111.923594,
              33.424915
            ],
            [
              -111.923594,
              33.424953
            ],
            [
              -111.923445,
              33.424954
            ],
            [
              -111.923445,
              33.424925
            ]
          ]
        ]
      },
      "properties": {
        "BLDG_CODE": "WUC",
        "BLDG_NAME": "Weatherup Center",
        "Type": "Academic",
        "Image": null,
        "Shape__Area": 1.0394728633400518e-07
      }
    },
    {
      "type": "Feature",
      "geometry": {
        "type": "Polygon",
        "coordinates": [
          [
            [
              -111.93213,
              33.420584
            ],
            [
              -111.93213,
              33.420523
            ],
            [
              -111.932171,
              33.420522
            ],
            [
              -111.932171,
              33.420584
            ],
            [
              -111.93213,
              33.420584
            ]
          ]
        ]
      },
      "properties": {
        "BLDG_CODE": "WXLR",
        "BLDG_NAME": "Wexler Hall",
        "Type": "Academic",
        "Image": null,
        "Shape__Area": 2.5138433557003736e-09
      }
    },
    {
      "type": "Feature",
      "geometry": {
        "type": "Polygon",
        "coordinates": [
          [
            [
              -111.929842,
              33.41572
            ],
            [
              -111.929958,
              33.415719
            ],
            [
              -111.929959,
              33.415793
            ],
            [
              -111.929843,
              33.415794
            ],
            [
              -111.929842,
              33.41572
            ]
          ]
        ]
      },
      "properties": {
        "BLDG_CODE": "X28",
        "BLDG_NAME": "Src Pump House",
        "Type": "Infrastructure",
        "Image": null,
        "Shape__Area": 8.513325155945495e-09
      }
    },
    {
      "type": "Feature",
      "geometry": {
        "type": "Polygon",
        "coordinates": [
          [
            [
              -111.937955,
              33.419846
            ],
            [
              -111.937954,
              33.419796
            ],
            [
              -111.937929,
              33.419796
            ],
            [
              -111.937929,
              33.419774
            ],
            [
              -111.937987,
              33.419773
            ],
            [
              -111.937988,
              33.419846
            ],
            [
              -111.937955,
              33.419846
            ]
          ]
        ]
      },
      "properties": {
        "BLDG_CODE": "X40",
        "BLDG_NAME": "West Sub-station (meter At Cp)",
        "Type": "Academic",
        "Image": null,
        "Shape__Area": 2.9233433451736346e-09
      }
    },
    {
      "type": "Feature",
      "geometry": {
        "type": "Polygon",
        "coordinates": [
          [
            [
              -111.927827,
              33.416957
            ],
            [
              -111.927874,
              33.416957
            ],
            [
              -111.927874,
              33.417004
            ],
            [
              -111.927827,
              33.417004
            ],
            [
              -111.927827,
              33.416957
            ]
          ]
        ]
      },
      "properties": {
        "BLDG_CODE": "X42",
        "BLDG_NAME": "South Sub-station (meter #j77961)",
        "Type": "Academic",
        "Image": null,
        "Shape__Area": 2.2002950572641566e-09
      }
    },
    {
      "type": "Feature",
      "geometry": {
        "type": "Polygon",
        "coordinates": [
          [
            [
              -111.927116,
              33.419413
            ],
            [
              -111.927143,
              33.419291
            ],
            [
              -111.927296,
              33.419314
            ],
            [
              -111.927287,
              33.419354
            ],
            [
              -111.927279,
              33.419394
            ],
            [
              -111.92727,
              33.419436
            ],
            [
              -111.927116,
              33.419413
            ]
          ],
          [
            [
              -111.927233,
              33.419346
            ],
            [
              -111.927183,
              33.419339
            ],
            [
              -111.927174,
              33.419378
            ],
            [
              -111.927224,
              33.419386
            ],
            [
              -111.927233,
              33.419346
            ]
          ]
        ]
      },
      "properties": {
        "BLDG_CODE": "X62",
        "BLDG_NAME": "Skyspace Ramada",
        "Type": "Academic",
        "Image": null,
        "Shape__Area": 1.7296315490966663e-08
      }
    }
  ]
}
